date,family,demand,data_type,best_model
2016-01-01,GROCERY I,3247.0,Actual,Historical
2016-01-01,BEVERAGES,5104.0,Actual,Historical
2016-01-01,PRODUCE,2384.509,Actual,Historical
2016-01-02,GROCERY I,59749.726,Actual,Historical
2016-01-02,BEVERAGES,60006.0,Actual,Historical
2016-01-02,PRODUCE,45220.239,Actual,Historical
2016-01-03,GROCERY I,67611.628,Actual,Historical
2016-01-03,BEVERAGES,69976.0,Actual,Historical
2016-01-03,PRODUCE,56255.917,Actual,Historical
2016-01-04,GROCERY I,50436.0,Actual,Historical
2016-01-04,BEVERAGES,47246.0,Actual,Historical
2016-01-04,PRODUCE,43430.641,Actual,Historical
2016-01-05,GROCERY I,41044.0,Actual,Historical
2016-01-05,BEVERAGES,36814.0,Actual,Historical
2016-01-05,PRODUCE,34460.84,Actual,Historical
2016-01-06,GROCERY I,41298.0,Actual,Historical
2016-01-06,BEVERAGES,35557.0,Actual,Historical
2016-01-06,PRODUCE,51893.605,Actual,Historical
2016-01-07,GROCERY I,30432.0,Actual,Historical
2016-01-07,BEVERAGES,27551.0,Actual,Historical
2016-01-07,PRODUCE,27638.843,Actual,Historical
2016-01-08,GROCERY I,37328.0,Actual,Historical
2016-01-08,BEVERAGES,33523.0,Actual,Historical
2016-01-08,PRODUCE,32981.797,Actual,Historical
2016-01-09,GROCERY I,51137.0,Actual,Historical
2016-01-09,BEVERAGES,51154.0,Actual,Historical
2016-01-09,PRODUCE,43531.226,Actual,Historical
2016-01-10,GROCERY I,58807.0,Actual,Historical
2016-01-10,BEVERAGES,60526.0,Actual,Historical
2016-01-10,PRODUCE,49562.514,Actual,Historical
2016-01-11,GROCERY I,33344.0,Actual,Historical
2016-01-11,BEVERAGES,31358.0,Actual,Historical
2016-01-11,PRODUCE,30866.202,Actual,Historical
2016-01-12,GROCERY I,29220.0,Actual,Historical
2016-01-12,BEVERAGES,26151.0,Actual,Historical
2016-01-12,PRODUCE,26593.564,Actual,Historical
2016-01-13,GROCERY I,31288.0,Actual,Historical
2016-01-13,BEVERAGES,26628.0,Actual,Historical
2016-01-13,PRODUCE,42447.968,Actual,Historical
2016-01-14,GROCERY I,24403.0,Actual,Historical
2016-01-14,BEVERAGES,22884.0,Actual,Historical
2016-01-14,PRODUCE,23910.444,Actual,Historical
2016-01-15,GROCERY I,32569.0,Actual,Historical
2016-01-15,BEVERAGES,31867.0,Actual,Historical
2016-01-15,PRODUCE,30343.082,Actual,Historical
2016-01-16,GROCERY I,49270.0,Actual,Historical
2016-01-16,BEVERAGES,50817.0,Actual,Historical
2016-01-16,PRODUCE,43085.851,Actual,Historical
2016-01-17,GROCERY I,54505.0,Actual,Historical
2016-01-17,BEVERAGES,57263.0,Actual,Historical
2016-01-17,PRODUCE,47301.875,Actual,Historical
2016-01-18,GROCERY I,33185.0,Actual,Historical
2016-01-18,BEVERAGES,31626.0,Actual,Historical
2016-01-18,PRODUCE,31712.189,Actual,Historical
2016-01-19,GROCERY I,28191.0,Actual,Historical
2016-01-19,BEVERAGES,27402.0,Actual,Historical
2016-01-19,PRODUCE,26132.316,Actual,Historical
2016-01-20,GROCERY I,32701.0,Actual,Historical
2016-01-20,BEVERAGES,28019.0,Actual,Historical
2016-01-20,PRODUCE,45108.06,Actual,Historical
2016-01-21,GROCERY I,25215.0,Actual,Historical
2016-01-21,BEVERAGES,23019.0,Actual,Historical
2016-01-21,PRODUCE,23883.123,Actual,Historical
2016-01-22,GROCERY I,31439.0,Actual,Historical
2016-01-22,BEVERAGES,29309.0,Actual,Historical
2016-01-22,PRODUCE,29921.781,Actual,Historical
2016-01-23,GROCERY I,45555.0,Actual,Historical
2016-01-23,BEVERAGES,46259.0,Actual,Historical
2016-01-23,PRODUCE,40632.957,Actual,Historical
2016-01-24,GROCERY I,47918.0,Actual,Historical
2016-01-24,BEVERAGES,51289.0,Actual,Historical
2016-01-24,PRODUCE,43932.997,Actual,Historical
2016-01-25,GROCERY I,32616.0,Actual,Historical
2016-01-25,BEVERAGES,29842.0,Actual,Historical
2016-01-25,PRODUCE,29871.048,Actual,Historical
2016-01-26,GROCERY I,26399.0,Actual,Historical
2016-01-26,BEVERAGES,24106.0,Actual,Historical
2016-01-26,PRODUCE,25010.754,Actual,Historical
2016-01-27,GROCERY I,28594.0,Actual,Historical
2016-01-27,BEVERAGES,26111.0,Actual,Historical
2016-01-27,PRODUCE,41928.649,Actual,Historical
2016-01-28,GROCERY I,24107.0,Actual,Historical
2016-01-28,BEVERAGES,21953.0,Actual,Historical
2016-01-28,PRODUCE,23249.615999999998,Actual,Historical
2016-01-29,GROCERY I,32268.0,Actual,Historical
2016-01-29,BEVERAGES,29890.0,Actual,Historical
2016-01-29,PRODUCE,28417.858,Actual,Historical
2016-01-30,GROCERY I,52408.0,Actual,Historical
2016-01-30,BEVERAGES,48609.0,Actual,Historical
2016-01-30,PRODUCE,41041.183,Actual,Historical
2016-01-31,GROCERY I,59194.0,Actual,Historical
2016-01-31,BEVERAGES,57181.0,Actual,Historical
2016-01-31,PRODUCE,48414.13,Actual,Historical
2016-02-01,GROCERY I,44403.0,Actual,Historical
2016-02-01,BEVERAGES,36225.0,Actual,Historical
2016-02-01,PRODUCE,35175.454,Actual,Historical
2016-02-02,GROCERY I,35051.0,Actual,Historical
2016-02-02,BEVERAGES,28032.0,Actual,Historical
2016-02-02,PRODUCE,26247.269,Actual,Historical
2016-02-03,GROCERY I,36799.0,Actual,Historical
2016-02-03,BEVERAGES,30161.0,Actual,Historical
2016-02-03,PRODUCE,42625.317,Actual,Historical
2016-02-04,GROCERY I,31162.0,Actual,Historical
2016-02-04,BEVERAGES,25213.0,Actual,Historical
2016-02-04,PRODUCE,23359.732,Actual,Historical
2016-02-05,GROCERY I,39806.0,Actual,Historical
2016-02-05,BEVERAGES,37890.0,Actual,Historical
2016-02-05,PRODUCE,32178.982,Actual,Historical
2016-02-06,GROCERY I,50805.0,Actual,Historical
2016-02-06,BEVERAGES,49772.0,Actual,Historical
2016-02-06,PRODUCE,38604.194,Actual,Historical
2016-02-07,GROCERY I,37620.0,Actual,Historical
2016-02-07,BEVERAGES,37955.0,Actual,Historical
2016-02-07,PRODUCE,31572.95,Actual,Historical
2016-02-08,GROCERY I,38616.0,Actual,Historical
2016-02-08,BEVERAGES,35364.0,Actual,Historical
2016-02-08,PRODUCE,31758.309,Actual,Historical
2016-02-09,GROCERY I,46177.0,Actual,Historical
2016-02-09,BEVERAGES,40481.0,Actual,Historical
2016-02-09,PRODUCE,37827.925,Actual,Historical
2016-02-10,GROCERY I,36617.0,Actual,Historical
2016-02-10,BEVERAGES,31792.0,Actual,Historical
2016-02-10,PRODUCE,44765.756,Actual,Historical
2016-02-11,GROCERY I,31322.0,Actual,Historical
2016-02-11,BEVERAGES,26307.0,Actual,Historical
2016-02-11,PRODUCE,25827.856,Actual,Historical
2016-02-12,GROCERY I,35322.0,Actual,Historical
2016-02-12,BEVERAGES,30908.0,Actual,Historical
2016-02-12,PRODUCE,29939.26,Actual,Historical
2016-02-13,GROCERY I,44802.0,Actual,Historical
2016-02-13,BEVERAGES,41982.0,Actual,Historical
2016-02-13,PRODUCE,37835.572,Actual,Historical
2016-02-14,GROCERY I,50429.0,Actual,Historical
2016-02-14,BEVERAGES,51026.0,Actual,Historical
2016-02-14,PRODUCE,42566.816,Actual,Historical
2016-02-15,GROCERY I,36050.0,Actual,Historical
2016-02-15,BEVERAGES,34040.0,Actual,Historical
2016-02-15,PRODUCE,33022.992,Actual,Historical
2016-02-16,GROCERY I,35084.0,Actual,Historical
2016-02-16,BEVERAGES,30417.0,Actual,Historical
2016-02-16,PRODUCE,29050.667,Actual,Historical
2016-02-17,GROCERY I,36495.0,Actual,Historical
2016-02-17,BEVERAGES,30798.0,Actual,Historical
2016-02-17,PRODUCE,45772.398,Actual,Historical
2016-02-18,GROCERY I,25385.0,Actual,Historical
2016-02-18,BEVERAGES,23029.0,Actual,Historical
2016-02-18,PRODUCE,23084.494,Actual,Historical
2016-02-19,GROCERY I,34781.0,Actual,Historical
2016-02-19,BEVERAGES,32355.0,Actual,Historical
2016-02-19,PRODUCE,30511.061999999998,Actual,Historical
2016-02-20,GROCERY I,46304.0,Actual,Historical
2016-02-20,BEVERAGES,47745.0,Actual,Historical
2016-02-20,PRODUCE,39272.135,Actual,Historical
2016-02-21,GROCERY I,55573.0,Actual,Historical
2016-02-21,BEVERAGES,56823.0,Actual,Historical
2016-02-21,PRODUCE,47034.466,Actual,Historical
2016-02-22,GROCERY I,34333.0,Actual,Historical
2016-02-22,BEVERAGES,31508.0,Actual,Historical
2016-02-22,PRODUCE,30620.851,Actual,Historical
2016-02-23,GROCERY I,29163.0,Actual,Historical
2016-02-23,BEVERAGES,25311.0,Actual,Historical
2016-02-23,PRODUCE,23315.676,Actual,Historical
2016-02-24,GROCERY I,32552.0,Actual,Historical
2016-02-24,BEVERAGES,29477.0,Actual,Historical
2016-02-24,PRODUCE,41807.578,Actual,Historical
2016-02-25,GROCERY I,27276.0,Actual,Historical
2016-02-25,BEVERAGES,23326.0,Actual,Historical
2016-02-25,PRODUCE,22721.186,Actual,Historical
2016-02-26,GROCERY I,32460.0,Actual,Historical
2016-02-26,BEVERAGES,31023.0,Actual,Historical
2016-02-26,PRODUCE,29298.416,Actual,Historical
2016-02-27,GROCERY I,48284.0,Actual,Historical
2016-02-27,BEVERAGES,48153.0,Actual,Historical
2016-02-27,PRODUCE,40615.458,Actual,Historical
2016-02-28,GROCERY I,56665.0,Actual,Historical
2016-02-28,BEVERAGES,56400.0,Actual,Historical
2016-02-28,PRODUCE,46416.604,Actual,Historical
2016-02-29,GROCERY I,36333.0,Actual,Historical
2016-02-29,BEVERAGES,31858.0,Actual,Historical
2016-02-29,PRODUCE,30045.612,Actual,Historical
2016-03-01,GROCERY I,44565.0,Actual,Historical
2016-03-01,BEVERAGES,35886.0,Actual,Historical
2016-03-01,PRODUCE,31322.52,Actual,Historical
2016-03-02,GROCERY I,43765.0,Actual,Historical
2016-03-02,BEVERAGES,35955.0,Actual,Historical
2016-03-02,PRODUCE,45829.508,Actual,Historical
2016-03-03,GROCERY I,33272.0,Actual,Historical
2016-03-03,BEVERAGES,25926.0,Actual,Historical
2016-03-03,PRODUCE,24295.161,Actual,Historical
2016-03-04,GROCERY I,39595.0,Actual,Historical
2016-03-04,BEVERAGES,34534.0,Actual,Historical
2016-03-04,PRODUCE,31432.36,Actual,Historical
2016-03-05,GROCERY I,57197.0,Actual,Historical
2016-03-05,BEVERAGES,51440.0,Actual,Historical
2016-03-05,PRODUCE,42396.589,Actual,Historical
2016-03-06,GROCERY I,62238.0,Actual,Historical
2016-03-06,BEVERAGES,58059.0,Actual,Historical
2016-03-06,PRODUCE,47300.05,Actual,Historical
2016-03-07,GROCERY I,38341.0,Actual,Historical
2016-03-07,BEVERAGES,30325.0,Actual,Historical
2016-03-07,PRODUCE,29094.35,Actual,Historical
2016-03-08,GROCERY I,31475.0,Actual,Historical
2016-03-08,BEVERAGES,26413.0,Actual,Historical
2016-03-08,PRODUCE,24119.169,Actual,Historical
2016-03-09,GROCERY I,33675.0,Actual,Historical
2016-03-09,BEVERAGES,28883.0,Actual,Historical
2016-03-09,PRODUCE,43078.768,Actual,Historical
2016-03-10,GROCERY I,27301.0,Actual,Historical
2016-03-10,BEVERAGES,23588.0,Actual,Historical
2016-03-10,PRODUCE,23311.35,Actual,Historical
2016-03-11,GROCERY I,35185.0,Actual,Historical
2016-03-11,BEVERAGES,31956.0,Actual,Historical
2016-03-11,PRODUCE,30266.513,Actual,Historical
2016-03-12,GROCERY I,49074.0,Actual,Historical
2016-03-12,BEVERAGES,47096.0,Actual,Historical
2016-03-12,PRODUCE,38883.673,Actual,Historical
2016-03-13,GROCERY I,53719.0,Actual,Historical
2016-03-13,BEVERAGES,51695.0,Actual,Historical
2016-03-13,PRODUCE,42269.185,Actual,Historical
2016-03-14,GROCERY I,32766.0,Actual,Historical
2016-03-14,BEVERAGES,29160.0,Actual,Historical
2016-03-14,PRODUCE,30071.059,Actual,Historical
2016-03-15,GROCERY I,30319.0,Actual,Historical
2016-03-15,BEVERAGES,26038.0,Actual,Historical
2016-03-15,PRODUCE,25889.662,Actual,Historical
2016-03-16,GROCERY I,36682.0,Actual,Historical
2016-03-16,BEVERAGES,32629.0,Actual,Historical
2016-03-16,PRODUCE,46325.591,Actual,Historical
2016-03-17,GROCERY I,28409.0,Actual,Historical
2016-03-17,BEVERAGES,24270.0,Actual,Historical
2016-03-17,PRODUCE,24118.357,Actual,Historical
2016-03-18,GROCERY I,35227.0,Actual,Historical
2016-03-18,BEVERAGES,33153.0,Actual,Historical
2016-03-18,PRODUCE,30061.407,Actual,Historical
2016-03-19,GROCERY I,46868.0,Actual,Historical
2016-03-19,BEVERAGES,46886.0,Actual,Historical
2016-03-19,PRODUCE,38334.602,Actual,Historical
2016-03-20,GROCERY I,50284.0,Actual,Historical
2016-03-20,BEVERAGES,50532.0,Actual,Historical
2016-03-20,PRODUCE,41812.093,Actual,Historical
2016-03-21,GROCERY I,33558.0,Actual,Historical
2016-03-21,BEVERAGES,29859.0,Actual,Historical
2016-03-21,PRODUCE,30124.106,Actual,Historical
2016-03-22,GROCERY I,28303.0,Actual,Historical
2016-03-22,BEVERAGES,25926.0,Actual,Historical
2016-03-22,PRODUCE,24740.835,Actual,Historical
2016-03-23,GROCERY I,35830.0,Actual,Historical
2016-03-23,BEVERAGES,33117.0,Actual,Historical
2016-03-23,PRODUCE,42803.152,Actual,Historical
2016-03-24,GROCERY I,29468.0,Actual,Historical
2016-03-24,BEVERAGES,29585.0,Actual,Historical
2016-03-24,PRODUCE,25955.599,Actual,Historical
2016-03-25,GROCERY I,35280.0,Actual,Historical
2016-03-25,BEVERAGES,37756.0,Actual,Historical
2016-03-25,PRODUCE,29695.063,Actual,Historical
2016-03-26,GROCERY I,44224.0,Actual,Historical
2016-03-26,BEVERAGES,43541.0,Actual,Historical
2016-03-26,PRODUCE,35082.79,Actual,Historical
2016-03-27,GROCERY I,45944.0,Actual,Historical
2016-03-27,BEVERAGES,46472.0,Actual,Historical
2016-03-27,PRODUCE,38880.863,Actual,Historical
2016-03-28,GROCERY I,32621.0,Actual,Historical
2016-03-28,BEVERAGES,29516.0,Actual,Historical
2016-03-28,PRODUCE,30099.109,Actual,Historical
2016-03-29,GROCERY I,27146.0,Actual,Historical
2016-03-29,BEVERAGES,24839.0,Actual,Historical
2016-03-29,PRODUCE,25453.748,Actual,Historical
2016-03-30,GROCERY I,31383.0,Actual,Historical
2016-03-30,BEVERAGES,27319.0,Actual,Historical
2016-03-30,PRODUCE,40557.238,Actual,Historical
2016-03-31,GROCERY I,29929.0,Actual,Historical
2016-03-31,BEVERAGES,25468.0,Actual,Historical
2016-03-31,PRODUCE,25625.969,Actual,Historical
2016-04-01,GROCERY I,47610.0,Actual,Historical
2016-04-01,BEVERAGES,39469.0,Actual,Historical
2016-04-01,PRODUCE,33308.957,Actual,Historical
2016-04-02,GROCERY I,66178.0,Actual,Historical
2016-04-02,BEVERAGES,56972.0,Actual,Historical
2016-04-02,PRODUCE,44713.458,Actual,Historical
2016-04-03,GROCERY I,75582.0,Actual,Historical
2016-04-03,BEVERAGES,65901.0,Actual,Historical
2016-04-03,PRODUCE,54276.348,Actual,Historical
2016-04-04,GROCERY I,41342.0,Actual,Historical
2016-04-04,BEVERAGES,33983.0,Actual,Historical
2016-04-04,PRODUCE,30889.317,Actual,Historical
2016-04-05,GROCERY I,34696.0,Actual,Historical
2016-04-05,BEVERAGES,27011.0,Actual,Historical
2016-04-05,PRODUCE,26657.412,Actual,Historical
2016-04-06,GROCERY I,35016.0,Actual,Historical
2016-04-06,BEVERAGES,29592.0,Actual,Historical
2016-04-06,PRODUCE,42413.03,Actual,Historical
2016-04-07,GROCERY I,28592.0,Actual,Historical
2016-04-07,BEVERAGES,23698.0,Actual,Historical
2016-04-07,PRODUCE,22679.754,Actual,Historical
2016-04-08,GROCERY I,36599.0,Actual,Historical
2016-04-08,BEVERAGES,34954.0,Actual,Historical
2016-04-08,PRODUCE,28563.671,Actual,Historical
2016-04-09,GROCERY I,51304.0,Actual,Historical
2016-04-09,BEVERAGES,51324.0,Actual,Historical
2016-04-09,PRODUCE,37468.45,Actual,Historical
2016-04-10,GROCERY I,60449.0,Actual,Historical
2016-04-10,BEVERAGES,60729.0,Actual,Historical
2016-04-10,PRODUCE,45005.969,Actual,Historical
2016-04-11,GROCERY I,35007.0,Actual,Historical
2016-04-11,BEVERAGES,31432.0,Actual,Historical
2016-04-11,PRODUCE,27817.406,Actual,Historical
2016-04-12,GROCERY I,32960.0,Actual,Historical
2016-04-12,BEVERAGES,28124.0,Actual,Historical
2016-04-12,PRODUCE,23765.597,Actual,Historical
2016-04-13,GROCERY I,34349.0,Actual,Historical
2016-04-13,BEVERAGES,29990.0,Actual,Historical
2016-04-13,PRODUCE,39291.582,Actual,Historical
2016-04-14,GROCERY I,27381.0,Actual,Historical
2016-04-14,BEVERAGES,23333.0,Actual,Historical
2016-04-14,PRODUCE,22026.934,Actual,Historical
2016-04-15,GROCERY I,35691.0,Actual,Historical
2016-04-15,BEVERAGES,30583.0,Actual,Historical
2016-04-15,PRODUCE,28071.427,Actual,Historical
2016-04-16,GROCERY I,44600.0,Actual,Historical
2016-04-16,BEVERAGES,40757.0,Actual,Historical
2016-04-16,PRODUCE,34525.555,Actual,Historical
2016-04-17,GROCERY I,88093.0,Actual,Historical
2016-04-17,BEVERAGES,69859.0,Actual,Historical
2016-04-17,PRODUCE,41383.698,Actual,Historical
2016-04-18,GROCERY I,147088.0,Actual,Historical
2016-04-18,BEVERAGES,61893.0,Actual,Historical
2016-04-18,PRODUCE,29378.258,Actual,Historical
2016-04-19,GROCERY I,71103.0,Actual,Historical
2016-04-19,BEVERAGES,57372.0,Actual,Historical
2016-04-19,PRODUCE,24484.007,Actual,Historical
2016-04-20,GROCERY I,63091.0,Actual,Historical
2016-04-20,BEVERAGES,48976.0,Actual,Historical
2016-04-20,PRODUCE,39856.125,Actual,Historical
2016-04-21,GROCERY I,91563.0,Actual,Historical
2016-04-21,BEVERAGES,36650.0,Actual,Historical
2016-04-21,PRODUCE,22171.506,Actual,Historical
2016-04-22,GROCERY I,46040.0,Actual,Historical
2016-04-22,BEVERAGES,35914.0,Actual,Historical
2016-04-22,PRODUCE,26977.81,Actual,Historical
2016-04-23,GROCERY I,56400.0,Actual,Historical
2016-04-23,BEVERAGES,50503.0,Actual,Historical
2016-04-23,PRODUCE,35969.976,Actual,Historical
2016-04-24,GROCERY I,58598.0,Actual,Historical
2016-04-24,BEVERAGES,54466.0,Actual,Historical
2016-04-24,PRODUCE,39124.205,Actual,Historical
2016-04-25,GROCERY I,35332.0,Actual,Historical
2016-04-25,BEVERAGES,29037.0,Actual,Historical
2016-04-25,PRODUCE,25713.76,Actual,Historical
2016-04-26,GROCERY I,30546.0,Actual,Historical
2016-04-26,BEVERAGES,24990.0,Actual,Historical
2016-04-26,PRODUCE,22240.806,Actual,Historical
2016-04-27,GROCERY I,34082.0,Actual,Historical
2016-04-27,BEVERAGES,28915.0,Actual,Historical
2016-04-27,PRODUCE,39338.905,Actual,Historical
2016-04-28,GROCERY I,26148.0,Actual,Historical
2016-04-28,BEVERAGES,21636.0,Actual,Historical
2016-04-28,PRODUCE,19850.913,Actual,Historical
2016-04-29,GROCERY I,40847.0,Actual,Historical
2016-04-29,BEVERAGES,31729.0,Actual,Historical
2016-04-29,PRODUCE,27969.264,Actual,Historical
2016-04-30,GROCERY I,62923.0,Actual,Historical
2016-04-30,BEVERAGES,51195.0,Actual,Historical
2016-04-30,PRODUCE,37807.178,Actual,Historical
2016-05-01,GROCERY I,72596.0,Actual,Historical
2016-05-01,BEVERAGES,62883.0,Actual,Historical
2016-05-01,PRODUCE,47131.103,Actual,Historical
2016-05-02,GROCERY I,43756.0,Actual,Historical
2016-05-02,BEVERAGES,34488.0,Actual,Historical
2016-05-02,PRODUCE,31078.961,Actual,Historical
2016-05-03,GROCERY I,36899.0,Actual,Historical
2016-05-03,BEVERAGES,28558.0,Actual,Historical
2016-05-03,PRODUCE,24704.107,Actual,Historical
2016-05-04,GROCERY I,39140.0,Actual,Historical
2016-05-04,BEVERAGES,30699.0,Actual,Historical
2016-05-04,PRODUCE,43413.846,Actual,Historical
2016-05-05,GROCERY I,30968.0,Actual,Historical
2016-05-05,BEVERAGES,24306.0,Actual,Historical
2016-05-05,PRODUCE,22906.099,Actual,Historical
2016-05-06,GROCERY I,39517.0,Actual,Historical
2016-05-06,BEVERAGES,32450.0,Actual,Historical
2016-05-06,PRODUCE,32090.772,Actual,Historical
2016-05-07,GROCERY I,56479.0,Actual,Historical
2016-05-07,BEVERAGES,49277.0,Actual,Historical
2016-05-07,PRODUCE,44780.479,Actual,Historical
2016-05-08,GROCERY I,38391.0,Actual,Historical
2016-05-08,BEVERAGES,35567.0,Actual,Historical
2016-05-08,PRODUCE,28766.575,Actual,Historical
2016-05-09,GROCERY I,36140.0,Actual,Historical
2016-05-09,BEVERAGES,30645.0,Actual,Historical
2016-05-09,PRODUCE,28963.849,Actual,Historical
2016-05-10,GROCERY I,30954.0,Actual,Historical
2016-05-10,BEVERAGES,24565.0,Actual,Historical
2016-05-10,PRODUCE,22640.883,Actual,Historical
2016-05-11,GROCERY I,34256.0,Actual,Historical
2016-05-11,BEVERAGES,28108.0,Actual,Historical
2016-05-11,PRODUCE,41962.047,Actual,Historical
2016-05-12,GROCERY I,27229.0,Actual,Historical
2016-05-12,BEVERAGES,22307.0,Actual,Historical
2016-05-12,PRODUCE,22847.248,Actual,Historical
2016-05-13,GROCERY I,34564.0,Actual,Historical
2016-05-13,BEVERAGES,29854.0,Actual,Historical
2016-05-13,PRODUCE,28292.914,Actual,Historical
2016-05-14,GROCERY I,47842.0,Actual,Historical
2016-05-14,BEVERAGES,44371.0,Actual,Historical
2016-05-14,PRODUCE,36949.951,Actual,Historical
2016-05-15,GROCERY I,55454.0,Actual,Historical
2016-05-15,BEVERAGES,53267.0,Actual,Historical
2016-05-15,PRODUCE,42699.618,Actual,Historical
2016-05-16,GROCERY I,35963.0,Actual,Historical
2016-05-16,BEVERAGES,30211.0,Actual,Historical
2016-05-16,PRODUCE,29954.29,Actual,Historical
2016-05-17,GROCERY I,29270.0,Actual,Historical
2016-05-17,BEVERAGES,24220.0,Actual,Historical
2016-05-17,PRODUCE,24403.467,Actual,Historical
2016-05-18,GROCERY I,33597.0,Actual,Historical
2016-05-18,BEVERAGES,27940.0,Actual,Historical
2016-05-18,PRODUCE,39594.0,Actual,Historical
2016-05-19,GROCERY I,26806.0,Actual,Historical
2016-05-19,BEVERAGES,22789.0,Actual,Historical
2016-05-19,PRODUCE,23368.721,Actual,Historical
2016-05-20,GROCERY I,36468.0,Actual,Historical
2016-05-20,BEVERAGES,30700.0,Actual,Historical
2016-05-20,PRODUCE,29597.507,Actual,Historical
2016-05-21,GROCERY I,45793.0,Actual,Historical
2016-05-21,BEVERAGES,41976.0,Actual,Historical
2016-05-21,PRODUCE,36626.488,Actual,Historical
2016-05-22,GROCERY I,51760.0,Actual,Historical
2016-05-22,BEVERAGES,48507.0,Actual,Historical
2016-05-22,PRODUCE,41859.16,Actual,Historical
2016-05-23,GROCERY I,34031.0,Actual,Historical
2016-05-23,BEVERAGES,29078.0,Actual,Historical
2016-05-23,PRODUCE,27722.043,Actual,Historical
2016-05-24,GROCERY I,27277.0,Actual,Historical
2016-05-24,BEVERAGES,21777.0,Actual,Historical
2016-05-24,PRODUCE,21909.048,Actual,Historical
2016-05-25,GROCERY I,32733.0,Actual,Historical
2016-05-25,BEVERAGES,26577.0,Actual,Historical
2016-05-25,PRODUCE,39493.167,Actual,Historical
2016-05-26,GROCERY I,29558.0,Actual,Historical
2016-05-26,BEVERAGES,24959.0,Actual,Historical
2016-05-26,PRODUCE,24414.505,Actual,Historical
2016-05-27,GROCERY I,50697.0,Actual,Historical
2016-05-27,BEVERAGES,43627.0,Actual,Historical
2016-05-27,PRODUCE,38226.774,Actual,Historical
2016-05-28,GROCERY I,44973.0,Actual,Historical
2016-05-28,BEVERAGES,37489.0,Actual,Historical
2016-05-28,PRODUCE,32707.415,Actual,Historical
2016-05-29,GROCERY I,53892.0,Actual,Historical
2016-05-29,BEVERAGES,46580.0,Actual,Historical
2016-05-29,PRODUCE,38958.191,Actual,Historical
2016-05-30,GROCERY I,40028.0,Actual,Historical
2016-05-30,BEVERAGES,31504.0,Actual,Historical
2016-05-30,PRODUCE,30491.564,Actual,Historical
2016-05-31,GROCERY I,55824.0,Actual,Historical
2016-05-31,BEVERAGES,38184.0,Actual,Historical
2016-05-31,PRODUCE,30132.068,Actual,Historical
2016-06-01,GROCERY I,41595.0,Actual,Historical
2016-06-01,BEVERAGES,29384.0,Actual,Historical
2016-06-01,PRODUCE,42022.034,Actual,Historical
2016-06-02,GROCERY I,33706.0,Actual,Historical
2016-06-02,BEVERAGES,24221.0,Actual,Historical
2016-06-02,PRODUCE,24722.623,Actual,Historical
2016-06-03,GROCERY I,40449.0,Actual,Historical
2016-06-03,BEVERAGES,28670.0,Actual,Historical
2016-06-03,PRODUCE,28463.204,Actual,Historical
2016-06-04,GROCERY I,54248.0,Actual,Historical
2016-06-04,BEVERAGES,42259.0,Actual,Historical
2016-06-04,PRODUCE,37240.092,Actual,Historical
2016-06-05,GROCERY I,61090.0,Actual,Historical
2016-06-05,BEVERAGES,50838.0,Actual,Historical
2016-06-05,PRODUCE,43482.56,Actual,Historical
2016-06-06,GROCERY I,39588.0,Actual,Historical
2016-06-06,BEVERAGES,29850.0,Actual,Historical
2016-06-06,PRODUCE,29711.337,Actual,Historical
2016-06-07,GROCERY I,31859.0,Actual,Historical
2016-06-07,BEVERAGES,23957.0,Actual,Historical
2016-06-07,PRODUCE,23903.463,Actual,Historical
2016-06-08,GROCERY I,35479.0,Actual,Historical
2016-06-08,BEVERAGES,26273.0,Actual,Historical
2016-06-08,PRODUCE,38914.823,Actual,Historical
2016-06-09,GROCERY I,25983.0,Actual,Historical
2016-06-09,BEVERAGES,20924.0,Actual,Historical
2016-06-09,PRODUCE,21647.238,Actual,Historical
2016-06-10,GROCERY I,35064.0,Actual,Historical
2016-06-10,BEVERAGES,28232.0,Actual,Historical
2016-06-10,PRODUCE,26611.405,Actual,Historical
2016-06-11,GROCERY I,43513.0,Actual,Historical
2016-06-11,BEVERAGES,39309.0,Actual,Historical
2016-06-11,PRODUCE,32855.534,Actual,Historical
2016-06-12,GROCERY I,48638.0,Actual,Historical
2016-06-12,BEVERAGES,45064.0,Actual,Historical
2016-06-12,PRODUCE,37968.406,Actual,Historical
2016-06-13,GROCERY I,34519.0,Actual,Historical
2016-06-13,BEVERAGES,28503.0,Actual,Historical
2016-06-13,PRODUCE,28578.628,Actual,Historical
2016-06-14,GROCERY I,28258.0,Actual,Historical
2016-06-14,BEVERAGES,22550.0,Actual,Historical
2016-06-14,PRODUCE,21938.06,Actual,Historical
2016-06-15,GROCERY I,33896.0,Actual,Historical
2016-06-15,BEVERAGES,26773.0,Actual,Historical
2016-06-15,PRODUCE,40638.563,Actual,Historical
2016-06-16,GROCERY I,29740.0,Actual,Historical
2016-06-16,BEVERAGES,23231.0,Actual,Historical
2016-06-16,PRODUCE,22578.02,Actual,Historical
2016-06-17,GROCERY I,37387.0,Actual,Historical
2016-06-17,BEVERAGES,31276.0,Actual,Historical
2016-06-17,PRODUCE,31145.302,Actual,Historical
2016-06-18,GROCERY I,52381.0,Actual,Historical
2016-06-18,BEVERAGES,46952.0,Actual,Historical
2016-06-18,PRODUCE,42260.863,Actual,Historical
2016-06-19,GROCERY I,41103.0,Actual,Historical
2016-06-19,BEVERAGES,39834.0,Actual,Historical
2016-06-19,PRODUCE,32605.562,Actual,Historical
2016-06-20,GROCERY I,36249.0,Actual,Historical
2016-06-20,BEVERAGES,30811.0,Actual,Historical
2016-06-20,PRODUCE,28544.351,Actual,Historical
2016-06-21,GROCERY I,29658.0,Actual,Historical
2016-06-21,BEVERAGES,31733.0,Actual,Historical
2016-06-21,PRODUCE,24117.351,Actual,Historical
2016-06-22,GROCERY I,31994.0,Actual,Historical
2016-06-22,BEVERAGES,27147.0,Actual,Historical
2016-06-22,PRODUCE,39658.099,Actual,Historical
2016-06-23,GROCERY I,26741.0,Actual,Historical
2016-06-23,BEVERAGES,21981.0,Actual,Historical
2016-06-23,PRODUCE,21846.294,Actual,Historical
2016-06-24,GROCERY I,32304.0,Actual,Historical
2016-06-24,BEVERAGES,26844.0,Actual,Historical
2016-06-24,PRODUCE,25996.011,Actual,Historical
2016-06-25,GROCERY I,44443.0,Actual,Historical
2016-06-25,BEVERAGES,41834.0,Actual,Historical
2016-06-25,PRODUCE,35690.724,Actual,Historical
2016-06-26,GROCERY I,49780.0,Actual,Historical
2016-06-26,BEVERAGES,46167.0,Actual,Historical
2016-06-26,PRODUCE,38500.336,Actual,Historical
2016-06-27,GROCERY I,32239.0,Actual,Historical
2016-06-27,BEVERAGES,27569.0,Actual,Historical
2016-06-27,PRODUCE,27057.951,Actual,Historical
2016-06-28,GROCERY I,26956.0,Actual,Historical
2016-06-28,BEVERAGES,23169.0,Actual,Historical
2016-06-28,PRODUCE,21749.048,Actual,Historical
2016-06-29,GROCERY I,30241.0,Actual,Historical
2016-06-29,BEVERAGES,25445.0,Actual,Historical
2016-06-29,PRODUCE,36345.165,Actual,Historical
2016-06-30,GROCERY I,25497.0,Actual,Historical
2016-06-30,BEVERAGES,22676.0,Actual,Historical
2016-06-30,PRODUCE,20541.501,Actual,Historical
2016-07-01,GROCERY I,44944.0,Actual,Historical
2016-07-01,BEVERAGES,36823.0,Actual,Historical
2016-07-01,PRODUCE,33011.413,Actual,Historical
2016-07-02,GROCERY I,56738.0,Actual,Historical
2016-07-02,BEVERAGES,46791.0,Actual,Historical
2016-07-02,PRODUCE,37323.224,Actual,Historical
2016-07-03,GROCERY I,59493.0,Actual,Historical
2016-07-03,BEVERAGES,51245.0,Actual,Historical
2016-07-03,PRODUCE,41693.13,Actual,Historical
2016-07-04,GROCERY I,41350.0,Actual,Historical
2016-07-04,BEVERAGES,32634.0,Actual,Historical
2016-07-04,PRODUCE,30930.851,Actual,Historical
2016-07-05,GROCERY I,34894.0,Actual,Historical
2016-07-05,BEVERAGES,26908.0,Actual,Historical
2016-07-05,PRODUCE,23797.959,Actual,Historical
2016-07-06,GROCERY I,38615.0,Actual,Historical
2016-07-06,BEVERAGES,29526.0,Actual,Historical
2016-07-06,PRODUCE,40958.111,Actual,Historical
2016-07-07,GROCERY I,26433.0,Actual,Historical
2016-07-07,BEVERAGES,22397.0,Actual,Historical
2016-07-07,PRODUCE,20906.475,Actual,Historical
2016-07-08,GROCERY I,35681.0,Actual,Historical
2016-07-08,BEVERAGES,32150.0,Actual,Historical
2016-07-08,PRODUCE,27307.524,Actual,Historical
2016-07-09,GROCERY I,44160.0,Actual,Historical
2016-07-09,BEVERAGES,41699.0,Actual,Historical
2016-07-09,PRODUCE,33567.32,Actual,Historical
2016-07-10,GROCERY I,46963.0,Actual,Historical
2016-07-10,BEVERAGES,42645.0,Actual,Historical
2016-07-10,PRODUCE,37335.153,Actual,Historical
2016-07-11,GROCERY I,34878.0,Actual,Historical
2016-07-11,BEVERAGES,29519.0,Actual,Historical
2016-07-11,PRODUCE,27393.155,Actual,Historical
2016-07-12,GROCERY I,29027.0,Actual,Historical
2016-07-12,BEVERAGES,24800.0,Actual,Historical
2016-07-12,PRODUCE,23580.061,Actual,Historical
2016-07-13,GROCERY I,32177.0,Actual,Historical
2016-07-13,BEVERAGES,26693.0,Actual,Historical
2016-07-13,PRODUCE,38077.885,Actual,Historical
2016-07-14,GROCERY I,25232.0,Actual,Historical
2016-07-14,BEVERAGES,20467.0,Actual,Historical
2016-07-14,PRODUCE,20733.368,Actual,Historical
2016-07-15,GROCERY I,33676.0,Actual,Historical
2016-07-15,BEVERAGES,31156.0,Actual,Historical
2016-07-15,PRODUCE,26101.292,Actual,Historical
2016-07-16,GROCERY I,48012.0,Actual,Historical
2016-07-16,BEVERAGES,42485.0,Actual,Historical
2016-07-16,PRODUCE,35036.0,Actual,Historical
2016-07-17,GROCERY I,49241.0,Actual,Historical
2016-07-17,BEVERAGES,43948.0,Actual,Historical
2016-07-17,PRODUCE,36924.31,Actual,Historical
2016-07-18,GROCERY I,33486.0,Actual,Historical
2016-07-18,BEVERAGES,28831.0,Actual,Historical
2016-07-18,PRODUCE,26921.687,Actual,Historical
2016-07-19,GROCERY I,30595.0,Actual,Historical
2016-07-19,BEVERAGES,25264.0,Actual,Historical
2016-07-19,PRODUCE,23563.522,Actual,Historical
2016-07-20,GROCERY I,32013.0,Actual,Historical
2016-07-20,BEVERAGES,25758.0,Actual,Historical
2016-07-20,PRODUCE,35997.608,Actual,Historical
2016-07-21,GROCERY I,27782.0,Actual,Historical
2016-07-21,BEVERAGES,23461.0,Actual,Historical
2016-07-21,PRODUCE,22765.454999999998,Actual,Historical
2016-07-22,GROCERY I,33325.0,Actual,Historical
2016-07-22,BEVERAGES,29274.0,Actual,Historical
2016-07-22,PRODUCE,26510.389,Actual,Historical
2016-07-23,GROCERY I,43453.0,Actual,Historical
2016-07-23,BEVERAGES,39960.0,Actual,Historical
2016-07-23,PRODUCE,32929.548,Actual,Historical
2016-07-24,GROCERY I,45864.0,Actual,Historical
2016-07-24,BEVERAGES,42241.0,Actual,Historical
2016-07-24,PRODUCE,35890.893,Actual,Historical
2016-07-25,GROCERY I,34544.0,Actual,Historical
2016-07-25,BEVERAGES,32133.0,Actual,Historical
2016-07-25,PRODUCE,28085.676,Actual,Historical
2016-07-26,GROCERY I,28364.0,Actual,Historical
2016-07-26,BEVERAGES,23106.0,Actual,Historical
2016-07-26,PRODUCE,20922.209,Actual,Historical
2016-07-27,GROCERY I,30314.0,Actual,Historical
2016-07-27,BEVERAGES,25657.0,Actual,Historical
2016-07-27,PRODUCE,34663.996,Actual,Historical
2016-07-28,GROCERY I,25709.0,Actual,Historical
2016-07-28,BEVERAGES,22729.0,Actual,Historical
2016-07-28,PRODUCE,20983.039,Actual,Historical
2016-07-29,GROCERY I,34484.0,Actual,Historical
2016-07-29,BEVERAGES,29165.0,Actual,Historical
2016-07-29,PRODUCE,26619.74,Actual,Historical
2016-07-30,GROCERY I,46799.0,Actual,Historical
2016-07-30,BEVERAGES,39651.0,Actual,Historical
2016-07-30,PRODUCE,33511.323,Actual,Historical
2016-07-31,GROCERY I,53936.0,Actual,Historical
2016-07-31,BEVERAGES,44849.0,Actual,Historical
2016-07-31,PRODUCE,37632.582,Actual,Historical
2016-08-01,GROCERY I,47558.0,Actual,Historical
2016-08-01,BEVERAGES,35804.0,Actual,Historical
2016-08-01,PRODUCE,32367.222,Actual,Historical
2016-08-02,GROCERY I,38179.0,Actual,Historical
2016-08-02,BEVERAGES,28714.0,Actual,Historical
2016-08-02,PRODUCE,24854.743,Actual,Historical
2016-08-03,GROCERY I,40137.0,Actual,Historical
2016-08-03,BEVERAGES,30061.0,Actual,Historical
2016-08-03,PRODUCE,40003.578,Actual,Historical
2016-08-04,GROCERY I,30908.0,Actual,Historical
2016-08-04,BEVERAGES,25029.0,Actual,Historical
2016-08-04,PRODUCE,22323.04,Actual,Historical
2016-08-05,GROCERY I,35441.0,Actual,Historical
2016-08-05,BEVERAGES,30974.0,Actual,Historical
2016-08-05,PRODUCE,26669.55,Actual,Historical
2016-08-06,GROCERY I,43809.0,Actual,Historical
2016-08-06,BEVERAGES,40870.0,Actual,Historical
2016-08-06,PRODUCE,32061.035,Actual,Historical
2016-08-07,GROCERY I,45694.0,Actual,Historical
2016-08-07,BEVERAGES,41269.0,Actual,Historical
2016-08-07,PRODUCE,34699.007,Actual,Historical
2016-08-08,GROCERY I,36146.0,Actual,Historical
2016-08-08,BEVERAGES,31320.0,Actual,Historical
2016-08-08,PRODUCE,28573.405,Actual,Historical
2016-08-09,GROCERY I,28502.0,Actual,Historical
2016-08-09,BEVERAGES,25346.0,Actual,Historical
2016-08-09,PRODUCE,20806.209,Actual,Historical
2016-08-10,GROCERY I,33210.0,Actual,Historical
2016-08-10,BEVERAGES,28628.0,Actual,Historical
2016-08-10,PRODUCE,36120.032,Actual,Historical
2016-08-11,GROCERY I,29118.0,Actual,Historical
2016-08-11,BEVERAGES,28090.0,Actual,Historical
2016-08-11,PRODUCE,22269.228,Actual,Historical
2016-08-12,GROCERY I,42163.0,Actual,Historical
2016-08-12,BEVERAGES,40636.0,Actual,Historical
2016-08-12,PRODUCE,31604.732,Actual,Historical
2016-08-13,GROCERY I,36022.0,Actual,Historical
2016-08-13,BEVERAGES,37171.0,Actual,Historical
2016-08-13,PRODUCE,28879.233,Actual,Historical
2016-08-14,GROCERY I,38318.0,Actual,Historical
2016-08-14,BEVERAGES,36321.0,Actual,Historical
2016-08-14,PRODUCE,31100.77,Actual,Historical
2016-08-15,GROCERY I,35198.0,Actual,Historical
2016-08-15,BEVERAGES,30150.0,Actual,Historical
2016-08-15,PRODUCE,29582.97,Actual,Historical
2016-08-16,GROCERY I,35684.0,Actual,Historical
2016-08-16,BEVERAGES,29519.0,Actual,Historical
2016-08-16,PRODUCE,26951.181,Actual,Historical
2016-08-17,GROCERY I,34603.0,Actual,Historical
2016-08-17,BEVERAGES,29746.0,Actual,Historical
2016-08-17,PRODUCE,40642.148,Actual,Historical
2016-08-18,GROCERY I,27560.0,Actual,Historical
2016-08-18,BEVERAGES,24670.0,Actual,Historical
2016-08-18,PRODUCE,21886.219,Actual,Historical
2016-08-19,GROCERY I,35192.0,Actual,Historical
2016-08-19,BEVERAGES,31734.0,Actual,Historical
2016-08-19,PRODUCE,27233.548,Actual,Historical
2016-08-20,GROCERY I,43198.0,Actual,Historical
2016-08-20,BEVERAGES,41049.0,Actual,Historical
2016-08-20,PRODUCE,33891.854,Actual,Historical
2016-08-21,GROCERY I,46615.0,Actual,Historical
2016-08-21,BEVERAGES,45231.0,Actual,Historical
2016-08-21,PRODUCE,38835.603,Actual,Historical
2016-08-22,GROCERY I,35091.0,Actual,Historical
2016-08-22,BEVERAGES,29884.0,Actual,Historical
2016-08-22,PRODUCE,29944.2,Actual,Historical
2016-08-23,GROCERY I,30375.0,Actual,Historical
2016-08-23,BEVERAGES,25890.0,Actual,Historical
2016-08-23,PRODUCE,24376.207,Actual,Historical
2016-08-24,GROCERY I,30681.0,Actual,Historical
2016-08-24,BEVERAGES,27362.0,Actual,Historical
2016-08-24,PRODUCE,37089.438,Actual,Historical
2016-08-25,GROCERY I,25978.0,Actual,Historical
2016-08-25,BEVERAGES,22061.0,Actual,Historical
2016-08-25,PRODUCE,21367.308,Actual,Historical
2016-08-26,GROCERY I,32218.0,Actual,Historical
2016-08-26,BEVERAGES,29183.0,Actual,Historical
2016-08-26,PRODUCE,26927.003,Actual,Historical
2016-08-27,GROCERY I,38358.0,Actual,Historical
2016-08-27,BEVERAGES,36747.0,Actual,Historical
2016-08-27,PRODUCE,31470.578,Actual,Historical
2016-08-28,GROCERY I,45048.0,Actual,Historical
2016-08-28,BEVERAGES,42379.0,Actual,Historical
2016-08-28,PRODUCE,36964.21,Actual,Historical
2016-08-29,GROCERY I,31940.0,Actual,Historical
2016-08-29,BEVERAGES,28403.0,Actual,Historical
2016-08-29,PRODUCE,27585.414,Actual,Historical
2016-08-30,GROCERY I,28615.0,Actual,Historical
2016-08-30,BEVERAGES,25379.0,Actual,Historical
2016-08-30,PRODUCE,23605.44,Actual,Historical
2016-08-31,GROCERY I,34459.0,Actual,Historical
2016-08-31,BEVERAGES,28603.0,Actual,Historical
2016-08-31,PRODUCE,38554.494,Actual,Historical
2016-09-01,GROCERY I,31489.0,Actual,Historical
2016-09-01,BEVERAGES,23577.0,Actual,Historical
2016-09-01,PRODUCE,22401.84,Actual,Historical
2016-09-02,GROCERY I,45994.0,Actual,Historical
2016-09-02,BEVERAGES,38790.0,Actual,Historical
2016-09-02,PRODUCE,31042.877,Actual,Historical
2016-09-03,GROCERY I,56907.0,Actual,Historical
2016-09-03,BEVERAGES,51863.0,Actual,Historical
2016-09-03,PRODUCE,39052.047,Actual,Historical
2016-09-04,GROCERY I,58375.0,Actual,Historical
2016-09-04,BEVERAGES,54390.0,Actual,Historical
2016-09-04,PRODUCE,40613.382,Actual,Historical
2016-09-05,GROCERY I,44831.0,Actual,Historical
2016-09-05,BEVERAGES,37063.0,Actual,Historical
2016-09-05,PRODUCE,31248.945,Actual,Historical
2016-09-06,GROCERY I,36827.0,Actual,Historical
2016-09-06,BEVERAGES,30575.0,Actual,Historical
2016-09-06,PRODUCE,25479.788,Actual,Historical
2016-09-07,GROCERY I,36668.0,Actual,Historical
2016-09-07,BEVERAGES,30477.0,Actual,Historical
2016-09-07,PRODUCE,40362.119,Actual,Historical
2016-09-08,GROCERY I,28916.0,Actual,Historical
2016-09-08,BEVERAGES,24224.0,Actual,Historical
2016-09-08,PRODUCE,22405.198,Actual,Historical
2016-09-09,GROCERY I,32367.0,Actual,Historical
2016-09-09,BEVERAGES,30455.0,Actual,Historical
2016-09-09,PRODUCE,26179.201,Actual,Historical
2016-09-10,GROCERY I,48707.0,Actual,Historical
2016-09-10,BEVERAGES,47230.0,Actual,Historical
2016-09-10,PRODUCE,36756.81,Actual,Historical
2016-09-11,GROCERY I,56660.0,Actual,Historical
2016-09-11,BEVERAGES,55411.0,Actual,Historical
2016-09-11,PRODUCE,41594.139,Actual,Historical
2016-09-12,GROCERY I,32570.0,Actual,Historical
2016-09-12,BEVERAGES,29310.0,Actual,Historical
2016-09-12,PRODUCE,27299.543,Actual,Historical
2016-09-13,GROCERY I,26720.0,Actual,Historical
2016-09-13,BEVERAGES,22784.0,Actual,Historical
2016-09-13,PRODUCE,21887.717,Actual,Historical
2016-09-14,GROCERY I,29660.0,Actual,Historical
2016-09-14,BEVERAGES,26775.0,Actual,Historical
2016-09-14,PRODUCE,37056.472,Actual,Historical
2016-09-15,GROCERY I,26137.0,Actual,Historical
2016-09-15,BEVERAGES,22662.0,Actual,Historical
2016-09-15,PRODUCE,20919.622,Actual,Historical
2016-09-16,GROCERY I,34788.0,Actual,Historical
2016-09-16,BEVERAGES,32886.0,Actual,Historical
2016-09-16,PRODUCE,28082.017,Actual,Historical
2016-09-17,GROCERY I,47085.0,Actual,Historical
2016-09-17,BEVERAGES,45281.0,Actual,Historical
2016-09-17,PRODUCE,37271.216,Actual,Historical
2016-09-18,GROCERY I,54958.0,Actual,Historical
2016-09-18,BEVERAGES,54279.0,Actual,Historical
2016-09-18,PRODUCE,42595.118,Actual,Historical
2016-09-19,GROCERY I,33980.0,Actual,Historical
2016-09-19,BEVERAGES,28943.0,Actual,Historical
2016-09-19,PRODUCE,27041.184,Actual,Historical
2016-09-20,GROCERY I,29244.0,Actual,Historical
2016-09-20,BEVERAGES,25523.0,Actual,Historical
2016-09-20,PRODUCE,23701.071,Actual,Historical
2016-09-21,GROCERY I,30929.0,Actual,Historical
2016-09-21,BEVERAGES,26846.0,Actual,Historical
2016-09-21,PRODUCE,38089.611,Actual,Historical
2016-09-22,GROCERY I,24051.0,Actual,Historical
2016-09-22,BEVERAGES,21283.0,Actual,Historical
2016-09-22,PRODUCE,20729.924,Actual,Historical
2016-09-23,GROCERY I,33178.0,Actual,Historical
2016-09-23,BEVERAGES,30564.0,Actual,Historical
2016-09-23,PRODUCE,27497.185,Actual,Historical
2016-09-24,GROCERY I,45132.0,Actual,Historical
2016-09-24,BEVERAGES,44423.0,Actual,Historical
2016-09-24,PRODUCE,35218.436,Actual,Historical
2016-09-25,GROCERY I,50793.0,Actual,Historical
2016-09-25,BEVERAGES,51518.0,Actual,Historical
2016-09-25,PRODUCE,41325.715,Actual,Historical
2016-09-26,GROCERY I,32036.0,Actual,Historical
2016-09-26,BEVERAGES,28871.0,Actual,Historical
2016-09-26,PRODUCE,27558.847,Actual,Historical
2016-09-27,GROCERY I,27959.0,Actual,Historical
2016-09-27,BEVERAGES,26184.0,Actual,Historical
2016-09-27,PRODUCE,22026.563,Actual,Historical
2016-09-28,GROCERY I,29944.0,Actual,Historical
2016-09-28,BEVERAGES,26997.0,Actual,Historical
2016-09-28,PRODUCE,37747.115,Actual,Historical
2016-09-29,GROCERY I,25240.0,Actual,Historical
2016-09-29,BEVERAGES,23406.0,Actual,Historical
2016-09-29,PRODUCE,19881.042,Actual,Historical
2016-09-30,GROCERY I,37820.0,Actual,Historical
2016-09-30,BEVERAGES,33522.0,Actual,Historical
2016-09-30,PRODUCE,27787.787,Actual,Historical
2016-10-01,GROCERY I,68796.0,Actual,Historical
2016-10-01,BEVERAGES,59296.0,Actual,Historical
2016-10-01,PRODUCE,42250.579,Actual,Historical
2016-10-02,GROCERY I,77245.0,Actual,Historical
2016-10-02,BEVERAGES,71035.0,Actual,Historical
2016-10-02,PRODUCE,51242.779,Actual,Historical
2016-10-03,GROCERY I,43484.0,Actual,Historical
2016-10-03,BEVERAGES,36989.0,Actual,Historical
2016-10-03,PRODUCE,31965.44,Actual,Historical
2016-10-04,GROCERY I,35049.0,Actual,Historical
2016-10-04,BEVERAGES,29054.0,Actual,Historical
2016-10-04,PRODUCE,23411.587,Actual,Historical
2016-10-05,GROCERY I,37666.0,Actual,Historical
2016-10-05,BEVERAGES,32448.0,Actual,Historical
2016-10-05,PRODUCE,42989.044,Actual,Historical
2016-10-06,GROCERY I,25630.0,Actual,Historical
2016-10-06,BEVERAGES,21690.0,Actual,Historical
2016-10-06,PRODUCE,20850.991,Actual,Historical
2016-10-07,GROCERY I,37080.0,Actual,Historical
2016-10-07,BEVERAGES,31597.0,Actual,Historical
2016-10-07,PRODUCE,29483.728,Actual,Historical
2016-10-08,GROCERY I,53053.0,Actual,Historical
2016-10-08,BEVERAGES,46858.0,Actual,Historical
2016-10-08,PRODUCE,40779.024,Actual,Historical
2016-10-09,GROCERY I,61094.0,Actual,Historical
2016-10-09,BEVERAGES,56118.0,Actual,Historical
2016-10-09,PRODUCE,46144.126,Actual,Historical
2016-10-10,GROCERY I,34264.0,Actual,Historical
2016-10-10,BEVERAGES,30357.0,Actual,Historical
2016-10-10,PRODUCE,29199.11,Actual,Historical
2016-10-11,GROCERY I,28055.0,Actual,Historical
2016-10-11,BEVERAGES,22815.0,Actual,Historical
2016-10-11,PRODUCE,23271.202,Actual,Historical
2016-10-12,GROCERY I,32274.0,Actual,Historical
2016-10-12,BEVERAGES,27257.0,Actual,Historical
2016-10-12,PRODUCE,40321.553,Actual,Historical
2016-10-13,GROCERY I,26504.0,Actual,Historical
2016-10-13,BEVERAGES,23938.0,Actual,Historical
2016-10-13,PRODUCE,22137.314,Actual,Historical
2016-10-14,GROCERY I,33816.0,Actual,Historical
2016-10-14,BEVERAGES,31993.0,Actual,Historical
2016-10-14,PRODUCE,28253.588,Actual,Historical
2016-10-15,GROCERY I,44847.0,Actual,Historical
2016-10-15,BEVERAGES,44266.0,Actual,Historical
2016-10-15,PRODUCE,35950.709,Actual,Historical
2016-10-16,GROCERY I,60913.0,Actual,Historical
2016-10-16,BEVERAGES,60673.0,Actual,Historical
2016-10-16,PRODUCE,47775.567,Actual,Historical
2016-10-17,GROCERY I,36027.0,Actual,Historical
2016-10-17,BEVERAGES,32234.0,Actual,Historical
2016-10-17,PRODUCE,32227.329,Actual,Historical
2016-10-18,GROCERY I,28252.0,Actual,Historical
2016-10-18,BEVERAGES,25445.0,Actual,Historical
2016-10-18,PRODUCE,22619.24,Actual,Historical
2016-10-19,GROCERY I,29568.0,Actual,Historical
2016-10-19,BEVERAGES,25737.0,Actual,Historical
2016-10-19,PRODUCE,36983.584,Actual,Historical
2016-10-20,GROCERY I,27851.0,Actual,Historical
2016-10-20,BEVERAGES,23739.0,Actual,Historical
2016-10-20,PRODUCE,25637.678,Actual,Historical
2016-10-21,GROCERY I,34600.0,Actual,Historical
2016-10-21,BEVERAGES,32484.0,Actual,Historical
2016-10-21,PRODUCE,29621.232,Actual,Historical
2016-10-22,GROCERY I,46689.0,Actual,Historical
2016-10-22,BEVERAGES,43575.0,Actual,Historical
2016-10-22,PRODUCE,35160.114,Actual,Historical
2016-10-23,GROCERY I,56501.0,Actual,Historical
2016-10-23,BEVERAGES,53736.0,Actual,Historical
2016-10-23,PRODUCE,42500.486,Actual,Historical
2016-10-24,GROCERY I,32983.0,Actual,Historical
2016-10-24,BEVERAGES,27615.0,Actual,Historical
2016-10-24,PRODUCE,27942.619,Actual,Historical
2016-10-25,GROCERY I,29036.0,Actual,Historical
2016-10-25,BEVERAGES,23712.0,Actual,Historical
2016-10-25,PRODUCE,23429.412,Actual,Historical
2016-10-26,GROCERY I,30851.0,Actual,Historical
2016-10-26,BEVERAGES,26073.0,Actual,Historical
2016-10-26,PRODUCE,36603.958,Actual,Historical
2016-10-27,GROCERY I,29517.0,Actual,Historical
2016-10-27,BEVERAGES,25950.0,Actual,Historical
2016-10-27,PRODUCE,20811.166,Actual,Historical
2016-10-28,GROCERY I,37287.0,Actual,Historical
2016-10-28,BEVERAGES,33135.0,Actual,Historical
2016-10-28,PRODUCE,26463.04,Actual,Historical
2016-10-29,GROCERY I,49175.0,Actual,Historical
2016-10-29,BEVERAGES,48719.0,Actual,Historical
2016-10-29,PRODUCE,31963.736,Actual,Historical
2016-10-30,GROCERY I,59629.0,Actual,Historical
2016-10-30,BEVERAGES,63309.0,Actual,Historical
2016-10-30,PRODUCE,35818.455,Actual,Historical
2016-10-31,GROCERY I,38689.0,Actual,Historical
2016-10-31,BEVERAGES,35528.0,Actual,Historical
2016-10-31,PRODUCE,23354.962,Actual,Historical
2016-11-01,GROCERY I,44437.0,Actual,Historical
2016-11-01,BEVERAGES,40703.0,Actual,Historical
2016-11-01,PRODUCE,26131.908,Actual,Historical
2016-11-02,GROCERY I,62226.0,Actual,Historical
2016-11-02,BEVERAGES,60045.0,Actual,Historical
2016-11-02,PRODUCE,44537.491,Actual,Historical
2016-11-03,GROCERY I,50819.0,Actual,Historical
2016-11-03,BEVERAGES,49007.0,Actual,Historical
2016-11-03,PRODUCE,29663.932,Actual,Historical
2016-11-04,GROCERY I,55813.0,Actual,Historical
2016-11-04,BEVERAGES,52533.0,Actual,Historical
2016-11-04,PRODUCE,32254.428,Actual,Historical
2016-11-05,GROCERY I,59020.0,Actual,Historical
2016-11-05,BEVERAGES,54227.0,Actual,Historical
2016-11-05,PRODUCE,32988.408,Actual,Historical
2016-11-06,GROCERY I,72055.0,Actual,Historical
2016-11-06,BEVERAGES,66403.0,Actual,Historical
2016-11-06,PRODUCE,45054.829,Actual,Historical
2016-11-07,GROCERY I,46897.0,Actual,Historical
2016-11-07,BEVERAGES,41647.0,Actual,Historical
2016-11-07,PRODUCE,34253.26,Actual,Historical
2016-11-08,GROCERY I,41863.0,Actual,Historical
2016-11-08,BEVERAGES,35231.0,Actual,Historical
2016-11-08,PRODUCE,27986.457,Actual,Historical
2016-11-09,GROCERY I,42243.0,Actual,Historical
2016-11-09,BEVERAGES,37874.0,Actual,Historical
2016-11-09,PRODUCE,44491.169,Actual,Historical
2016-11-10,GROCERY I,30694.0,Actual,Historical
2016-11-10,BEVERAGES,29612.0,Actual,Historical
2016-11-10,PRODUCE,21745.253,Actual,Historical
2016-11-11,GROCERY I,39779.0,Actual,Historical
2016-11-11,BEVERAGES,34996.0,Actual,Historical
2016-11-11,PRODUCE,28493.877,Actual,Historical
2016-11-12,GROCERY I,58482.0,Actual,Historical
2016-11-12,BEVERAGES,52215.0,Actual,Historical
2016-11-12,PRODUCE,34884.896,Actual,Historical
2016-11-13,GROCERY I,69365.0,Actual,Historical
2016-11-13,BEVERAGES,70594.0,Actual,Historical
2016-11-13,PRODUCE,47385.433,Actual,Historical
2016-11-14,GROCERY I,42842.0,Actual,Historical
2016-11-14,BEVERAGES,35006.0,Actual,Historical
2016-11-14,PRODUCE,29390.677,Actual,Historical
2016-11-15,GROCERY I,31588.0,Actual,Historical
2016-11-15,BEVERAGES,27366.0,Actual,Historical
2016-11-15,PRODUCE,22773.45,Actual,Historical
2016-11-16,GROCERY I,44630.0,Actual,Historical
2016-11-16,BEVERAGES,39279.0,Actual,Historical
2016-11-16,PRODUCE,44325.398,Actual,Historical
2016-11-17,GROCERY I,34928.0,Actual,Historical
2016-11-17,BEVERAGES,28110.0,Actual,Historical
2016-11-17,PRODUCE,23362.463,Actual,Historical
2016-11-18,GROCERY I,39759.0,Actual,Historical
2016-11-18,BEVERAGES,36123.0,Actual,Historical
2016-11-18,PRODUCE,29499.096,Actual,Historical
2016-11-19,GROCERY I,57116.0,Actual,Historical
2016-11-19,BEVERAGES,52234.0,Actual,Historical
2016-11-19,PRODUCE,38420.36,Actual,Historical
2016-11-20,GROCERY I,69197.0,Actual,Historical
2016-11-20,BEVERAGES,66255.0,Actual,Historical
2016-11-20,PRODUCE,48122.765,Actual,Historical
2016-11-21,GROCERY I,41643.0,Actual,Historical
2016-11-21,BEVERAGES,35847.0,Actual,Historical
2016-11-21,PRODUCE,31135.752,Actual,Historical
2016-11-22,GROCERY I,34989.0,Actual,Historical
2016-11-22,BEVERAGES,28535.0,Actual,Historical
2016-11-22,PRODUCE,24659.574,Actual,Historical
2016-11-23,GROCERY I,40995.0,Actual,Historical
2016-11-23,BEVERAGES,32633.0,Actual,Historical
2016-11-23,PRODUCE,44134.923,Actual,Historical
2016-11-24,GROCERY I,30773.0,Actual,Historical
2016-11-24,BEVERAGES,26635.0,Actual,Historical
2016-11-24,PRODUCE,22766.914,Actual,Historical
2016-11-25,GROCERY I,43952.0,Actual,Historical
2016-11-25,BEVERAGES,38552.0,Actual,Historical
2016-11-25,PRODUCE,27768.643,Actual,Historical
2016-11-26,GROCERY I,54152.0,Actual,Historical
2016-11-26,BEVERAGES,49768.0,Actual,Historical
2016-11-26,PRODUCE,34956.838,Actual,Historical
2016-11-27,GROCERY I,67413.0,Actual,Historical
2016-11-27,BEVERAGES,63020.0,Actual,Historical
2016-11-27,PRODUCE,45393.424,Actual,Historical
2016-11-28,GROCERY I,47379.0,Actual,Historical
2016-11-28,BEVERAGES,38063.0,Actual,Historical
2016-11-28,PRODUCE,31698.688,Actual,Historical
2016-11-29,GROCERY I,33516.0,Actual,Historical
2016-11-29,BEVERAGES,26527.0,Actual,Historical
2016-11-29,PRODUCE,24047.645,Actual,Historical
2016-11-30,GROCERY I,41701.0,Actual,Historical
2016-11-30,BEVERAGES,34057.0,Actual,Historical
2016-11-30,PRODUCE,43280.399,Actual,Historical
2016-12-01,GROCERY I,44582.0,Actual,Historical
2016-12-01,BEVERAGES,33666.0,Actual,Historical
2016-12-01,PRODUCE,26648.293,Actual,Historical
2016-12-02,GROCERY I,51202.0,Actual,Historical
2016-12-02,BEVERAGES,38720.0,Actual,Historical
2016-12-02,PRODUCE,30809.795000000002,Actual,Historical
2016-12-03,GROCERY I,67955.0,Actual,Historical
2016-12-03,BEVERAGES,54631.0,Actual,Historical
2016-12-03,PRODUCE,37686.39,Actual,Historical
2016-12-04,GROCERY I,77100.0,Actual,Historical
2016-12-04,BEVERAGES,65321.0,Actual,Historical
2016-12-04,PRODUCE,45809.397,Actual,Historical
2016-12-05,GROCERY I,48563.0,Actual,Historical
2016-12-05,BEVERAGES,35418.0,Actual,Historical
2016-12-05,PRODUCE,29630.264,Actual,Historical
2016-12-06,GROCERY I,61026.0,Actual,Historical
2016-12-06,BEVERAGES,49200.0,Actual,Historical
2016-12-06,PRODUCE,34341.723,Actual,Historical
2016-12-07,GROCERY I,49127.0,Actual,Historical
2016-12-07,BEVERAGES,39364.0,Actual,Historical
2016-12-07,PRODUCE,46418.489,Actual,Historical
2016-12-08,GROCERY I,41306.0,Actual,Historical
2016-12-08,BEVERAGES,29595.0,Actual,Historical
2016-12-08,PRODUCE,24067.16,Actual,Historical
2016-12-09,GROCERY I,46979.0,Actual,Historical
2016-12-09,BEVERAGES,38685.0,Actual,Historical
2016-12-09,PRODUCE,29691.145,Actual,Historical
2016-12-10,GROCERY I,57058.0,Actual,Historical
2016-12-10,BEVERAGES,47375.0,Actual,Historical
2016-12-10,PRODUCE,33373.428,Actual,Historical
2016-12-11,GROCERY I,68112.0,Actual,Historical
2016-12-11,BEVERAGES,58298.0,Actual,Historical
2016-12-11,PRODUCE,41811.651,Actual,Historical
2016-12-12,GROCERY I,51963.0,Actual,Historical
2016-12-12,BEVERAGES,34128.0,Actual,Historical
2016-12-12,PRODUCE,29741.748,Actual,Historical
2016-12-13,GROCERY I,49406.0,Actual,Historical
2016-12-13,BEVERAGES,28862.0,Actual,Historical
2016-12-13,PRODUCE,24796.974,Actual,Historical
2016-12-14,GROCERY I,54024.0,Actual,Historical
2016-12-14,BEVERAGES,34680.0,Actual,Historical
2016-12-14,PRODUCE,43285.464,Actual,Historical
2016-12-15,GROCERY I,44458.0,Actual,Historical
2016-12-15,BEVERAGES,28922.0,Actual,Historical
2016-12-15,PRODUCE,25105.345,Actual,Historical
2016-12-16,GROCERY I,53777.0,Actual,Historical
2016-12-16,BEVERAGES,37678.0,Actual,Historical
2016-12-16,PRODUCE,33482.341,Actual,Historical
2016-12-17,GROCERY I,67544.0,Actual,Historical
2016-12-17,BEVERAGES,50939.0,Actual,Historical
2016-12-17,PRODUCE,38029.842,Actual,Historical
2016-12-18,GROCERY I,85004.0,Actual,Historical
2016-12-18,BEVERAGES,59706.0,Actual,Historical
2016-12-18,PRODUCE,44649.233,Actual,Historical
2016-12-19,GROCERY I,73781.0,Actual,Historical
2016-12-19,BEVERAGES,41381.0,Actual,Historical
2016-12-19,PRODUCE,35987.854,Actual,Historical
2016-12-20,GROCERY I,78983.0,Actual,Historical
2016-12-20,BEVERAGES,37540.0,Actual,Historical
2016-12-20,PRODUCE,32357.916,Actual,Historical
2016-12-21,GROCERY I,73683.0,Actual,Historical
2016-12-21,BEVERAGES,40228.0,Actual,Historical
2016-12-21,PRODUCE,52574.948,Actual,Historical
2016-12-22,GROCERY I,68296.0,Actual,Historical
2016-12-22,BEVERAGES,38704.0,Actual,Historical
2016-12-22,PRODUCE,38649.872,Actual,Historical
2016-12-23,GROCERY I,72220.0,Actual,Historical
2016-12-23,BEVERAGES,44963.0,Actual,Historical
2016-12-23,PRODUCE,46887.905,Actual,Historical
2016-12-24,GROCERY I,61468.0,Actual,Historical
2016-12-24,BEVERAGES,39878.0,Actual,Historical
2016-12-24,PRODUCE,41942.664,Actual,Historical
2016-12-25,GROCERY I,0.0,Actual,Historical
2016-12-25,BEVERAGES,0.0,Actual,Historical
2016-12-25,PRODUCE,0.0,Actual,Historical
2016-12-26,GROCERY I,62914.0,Actual,Historical
2016-12-26,BEVERAGES,55284.0,Actual,Historical
2016-12-26,PRODUCE,39971.919,Actual,Historical
2016-12-27,GROCERY I,44101.0,Actual,Historical
2016-12-27,BEVERAGES,41193.0,Actual,Historical
2016-12-27,PRODUCE,32220.609,Actual,Historical
2016-12-28,GROCERY I,49868.0,Actual,Historical
2016-12-28,BEVERAGES,45366.0,Actual,Historical
2016-12-28,PRODUCE,46339.512,Actual,Historical
2016-12-29,GROCERY I,46485.0,Actual,Historical
2016-12-29,BEVERAGES,42903.0,Actual,Historical
2016-12-29,PRODUCE,35434.967,Actual,Historical
2016-12-30,GROCERY I,62248.0,Actual,Historical
2016-12-30,BEVERAGES,57794.0,Actual,Historical
2016-12-30,PRODUCE,49141.794,Actual,Historical
2016-12-31,GROCERY I,46639.0,Actual,Historical
2016-12-31,BEVERAGES,49976.0,Actual,Historical
2016-12-31,PRODUCE,42485.347,Actual,Historical
2017-01-01,GROCERY I,1998.0,Actual,Historical
2017-01-01,BEVERAGES,4008.0,Actual,Historical
2017-01-01,PRODUCE,1682.844,Actual,Historical
2017-01-02,GROCERY I,81776.0,Actual,Historical
2017-01-02,BEVERAGES,79598.0,Actual,Historical
2017-01-02,PRODUCE,56344.214,Actual,Historical
2017-01-03,GROCERY I,57206.0,Actual,Historical
2017-01-03,BEVERAGES,51077.0,Actual,Historical
2017-01-03,PRODUCE,45642.796,Actual,Historical
2017-01-04,GROCERY I,52267.0,Actual,Historical
2017-01-04,BEVERAGES,44789.0,Actual,Historical
2017-01-04,PRODUCE,51807.511,Actual,Historical
2017-01-05,GROCERY I,41553.0,Actual,Historical
2017-01-05,BEVERAGES,37068.0,Actual,Historical
2017-01-05,PRODUCE,29263.73,Actual,Historical
2017-01-06,GROCERY I,49167.0,Actual,Historical
2017-01-06,BEVERAGES,42688.0,Actual,Historical
2017-01-06,PRODUCE,35296.885,Actual,Historical
2017-01-07,GROCERY I,64901.0,Actual,Historical
2017-01-07,BEVERAGES,63174.0,Actual,Historical
2017-01-07,PRODUCE,43017.037,Actual,Historical
2017-01-08,GROCERY I,69504.0,Actual,Historical
2017-01-08,BEVERAGES,71159.0,Actual,Historical
2017-01-08,PRODUCE,47448.722,Actual,Historical
2017-01-09,GROCERY I,43448.0,Actual,Historical
2017-01-09,BEVERAGES,39933.0,Actual,Historical
2017-01-09,PRODUCE,30368.56,Actual,Historical
2017-01-10,GROCERY I,36441.0,Actual,Historical
2017-01-10,BEVERAGES,33208.0,Actual,Historical
2017-01-10,PRODUCE,25991.0,Actual,Historical
2017-01-11,GROCERY I,41909.0,Actual,Historical
2017-01-11,BEVERAGES,36996.0,Actual,Historical
2017-01-11,PRODUCE,46996.765,Actual,Historical
2017-01-12,GROCERY I,31562.0,Actual,Historical
2017-01-12,BEVERAGES,30885.0,Actual,Historical
2017-01-12,PRODUCE,25545.957,Actual,Historical
2017-01-13,GROCERY I,42138.0,Actual,Historical
2017-01-13,BEVERAGES,43396.0,Actual,Historical
2017-01-13,PRODUCE,32326.529,Actual,Historical
2017-01-14,GROCERY I,58949.0,Actual,Historical
2017-01-14,BEVERAGES,62206.0,Actual,Historical
2017-01-14,PRODUCE,41172.068,Actual,Historical
2017-01-15,GROCERY I,65114.0,Actual,Historical
2017-01-15,BEVERAGES,77798.0,Actual,Historical
2017-01-15,PRODUCE,48542.552,Actual,Historical
2017-01-16,GROCERY I,43167.0,Actual,Historical
2017-01-16,BEVERAGES,42160.0,Actual,Historical
2017-01-16,PRODUCE,32821.657,Actual,Historical
2017-01-17,GROCERY I,35268.0,Actual,Historical
2017-01-17,BEVERAGES,34821.0,Actual,Historical
2017-01-17,PRODUCE,26372.676,Actual,Historical
2017-01-18,GROCERY I,37464.0,Actual,Historical
2017-01-18,BEVERAGES,36560.0,Actual,Historical
2017-01-18,PRODUCE,44878.794,Actual,Historical
2017-01-19,GROCERY I,29756.0,Actual,Historical
2017-01-19,BEVERAGES,29846.0,Actual,Historical
2017-01-19,PRODUCE,22907.241,Actual,Historical
2017-01-20,GROCERY I,40578.0,Actual,Historical
2017-01-20,BEVERAGES,40034.0,Actual,Historical
2017-01-20,PRODUCE,31748.984,Actual,Historical
2017-01-21,GROCERY I,62655.0,Actual,Historical
2017-01-21,BEVERAGES,67672.0,Actual,Historical
2017-01-21,PRODUCE,44125.158,Actual,Historical
2017-01-22,GROCERY I,62689.0,Actual,Historical
2017-01-22,BEVERAGES,75370.0,Actual,Historical
2017-01-22,PRODUCE,48346.747,Actual,Historical
2017-01-23,GROCERY I,40191.0,Actual,Historical
2017-01-23,BEVERAGES,38238.0,Actual,Historical
2017-01-23,PRODUCE,30089.707,Actual,Historical
2017-01-24,GROCERY I,32564.0,Actual,Historical
2017-01-24,BEVERAGES,31973.0,Actual,Historical
2017-01-24,PRODUCE,24753.423,Actual,Historical
2017-01-25,GROCERY I,35952.0,Actual,Historical
2017-01-25,BEVERAGES,32801.0,Actual,Historical
2017-01-25,PRODUCE,43838.887,Actual,Historical
2017-01-26,GROCERY I,27631.0,Actual,Historical
2017-01-26,BEVERAGES,26275.0,Actual,Historical
2017-01-26,PRODUCE,22870.599,Actual,Historical
2017-01-27,GROCERY I,38909.0,Actual,Historical
2017-01-27,BEVERAGES,35046.0,Actual,Historical
2017-01-27,PRODUCE,30824.739,Actual,Historical
2017-01-28,GROCERY I,54869.0,Actual,Historical
2017-01-28,BEVERAGES,53435.0,Actual,Historical
2017-01-28,PRODUCE,40641.81,Actual,Historical
2017-01-29,GROCERY I,56772.0,Actual,Historical
2017-01-29,BEVERAGES,60460.0,Actual,Historical
2017-01-29,PRODUCE,45111.909999999996,Actual,Historical
2017-01-30,GROCERY I,33282.0,Actual,Historical
2017-01-30,BEVERAGES,29849.0,Actual,Historical
2017-01-30,PRODUCE,28002.631,Actual,Historical
2017-01-31,GROCERY I,35727.0,Actual,Historical
2017-01-31,BEVERAGES,29651.0,Actual,Historical
2017-01-31,PRODUCE,26918.311,Actual,Historical
2017-02-01,GROCERY I,49606.0,Actual,Historical
2017-02-01,BEVERAGES,40588.0,Actual,Historical
2017-02-01,PRODUCE,52508.992,Actual,Historical
2017-02-02,GROCERY I,38771.0,Actual,Historical
2017-02-02,BEVERAGES,29677.0,Actual,Historical
2017-02-02,PRODUCE,26123.591,Actual,Historical
2017-02-03,GROCERY I,46758.0,Actual,Historical
2017-02-03,BEVERAGES,39411.0,Actual,Historical
2017-02-03,PRODUCE,32695.31,Actual,Historical
2017-02-04,GROCERY I,63678.0,Actual,Historical
2017-02-04,BEVERAGES,59486.0,Actual,Historical
2017-02-04,PRODUCE,42397.323,Actual,Historical
2017-02-05,GROCERY I,64274.0,Actual,Historical
2017-02-05,BEVERAGES,58039.0,Actual,Historical
2017-02-05,PRODUCE,46412.702,Actual,Historical
2017-02-06,GROCERY I,42725.0,Actual,Historical
2017-02-06,BEVERAGES,34438.0,Actual,Historical
2017-02-06,PRODUCE,31255.996,Actual,Historical
2017-02-07,GROCERY I,37586.0,Actual,Historical
2017-02-07,BEVERAGES,30357.0,Actual,Historical
2017-02-07,PRODUCE,26274.733,Actual,Historical
2017-02-08,GROCERY I,39888.0,Actual,Historical
2017-02-08,BEVERAGES,33859.0,Actual,Historical
2017-02-08,PRODUCE,45015.884,Actual,Historical
2017-02-09,GROCERY I,34144.0,Actual,Historical
2017-02-09,BEVERAGES,26768.0,Actual,Historical
2017-02-09,PRODUCE,25013.739,Actual,Historical
2017-02-10,GROCERY I,41303.0,Actual,Historical
2017-02-10,BEVERAGES,39501.0,Actual,Historical
2017-02-10,PRODUCE,33472.26,Actual,Historical
2017-02-11,GROCERY I,50373.0,Actual,Historical
2017-02-11,BEVERAGES,49956.0,Actual,Historical
2017-02-11,PRODUCE,39246.802,Actual,Historical
2017-02-12,GROCERY I,59420.0,Actual,Historical
2017-02-12,BEVERAGES,60342.0,Actual,Historical
2017-02-12,PRODUCE,46643.871,Actual,Historical
2017-02-13,GROCERY I,46019.0,Actual,Historical
2017-02-13,BEVERAGES,35082.0,Actual,Historical
2017-02-13,PRODUCE,33194.379,Actual,Historical
2017-02-14,GROCERY I,29286.0,Actual,Historical
2017-02-14,BEVERAGES,23967.0,Actual,Historical
2017-02-14,PRODUCE,23789.925,Actual,Historical
2017-02-15,GROCERY I,36466.0,Actual,Historical
2017-02-15,BEVERAGES,29744.0,Actual,Historical
2017-02-15,PRODUCE,44907.265,Actual,Historical
2017-02-16,GROCERY I,34656.0,Actual,Historical
2017-02-16,BEVERAGES,28063.0,Actual,Historical
2017-02-16,PRODUCE,24749.325,Actual,Historical
2017-02-17,GROCERY I,43141.0,Actual,Historical
2017-02-17,BEVERAGES,36040.0,Actual,Historical
2017-02-17,PRODUCE,32659.005,Actual,Historical
2017-02-18,GROCERY I,60504.0,Actual,Historical
2017-02-18,BEVERAGES,56746.0,Actual,Historical
2017-02-18,PRODUCE,43603.34,Actual,Historical
2017-02-19,GROCERY I,45118.0,Actual,Historical
2017-02-19,BEVERAGES,43519.0,Actual,Historical
2017-02-19,PRODUCE,32440.862,Actual,Historical
2017-02-20,GROCERY I,37680.0,Actual,Historical
2017-02-20,BEVERAGES,30786.0,Actual,Historical
2017-02-20,PRODUCE,28306.135,Actual,Historical
2017-02-21,GROCERY I,33630.0,Actual,Historical
2017-02-21,BEVERAGES,29644.0,Actual,Historical
2017-02-21,PRODUCE,25559.438,Actual,Historical
2017-02-22,GROCERY I,37879.0,Actual,Historical
2017-02-22,BEVERAGES,29939.0,Actual,Historical
2017-02-22,PRODUCE,41829.867,Actual,Historical
2017-02-23,GROCERY I,35333.0,Actual,Historical
2017-02-23,BEVERAGES,30597.0,Actual,Historical
2017-02-23,PRODUCE,23767.05,Actual,Historical
2017-02-24,GROCERY I,45408.0,Actual,Historical
2017-02-24,BEVERAGES,42322.0,Actual,Historical
2017-02-24,PRODUCE,32178.91,Actual,Historical
2017-02-25,GROCERY I,58792.0,Actual,Historical
2017-02-25,BEVERAGES,53729.0,Actual,Historical
2017-02-25,PRODUCE,39783.017,Actual,Historical
2017-02-26,GROCERY I,45056.0,Actual,Historical
2017-02-26,BEVERAGES,44351.0,Actual,Historical
2017-02-26,PRODUCE,32920.86,Actual,Historical
2017-02-27,GROCERY I,46438.0,Actual,Historical
2017-02-27,BEVERAGES,44592.0,Actual,Historical
2017-02-27,PRODUCE,30877.498,Actual,Historical
2017-02-28,GROCERY I,58135.0,Actual,Historical
2017-02-28,BEVERAGES,54670.0,Actual,Historical
2017-02-28,PRODUCE,38972.872,Actual,Historical
2017-03-01,GROCERY I,52050.0,Actual,Historical
2017-03-01,BEVERAGES,44298.0,Actual,Historical
2017-03-01,PRODUCE,52306.825,Actual,Historical
2017-03-02,GROCERY I,43215.0,Actual,Historical
2017-03-02,BEVERAGES,36129.0,Actual,Historical
2017-03-02,PRODUCE,28922.047,Actual,Historical
2017-03-03,GROCERY I,49676.0,Actual,Historical
2017-03-03,BEVERAGES,41914.0,Actual,Historical
2017-03-03,PRODUCE,32148.327,Actual,Historical
2017-03-04,GROCERY I,66030.0,Actual,Historical
2017-03-04,BEVERAGES,61475.0,Actual,Historical
2017-03-04,PRODUCE,40720.261,Actual,Historical
2017-03-05,GROCERY I,73058.0,Actual,Historical
2017-03-05,BEVERAGES,67361.0,Actual,Historical
2017-03-05,PRODUCE,45209.288,Actual,Historical
2017-03-06,GROCERY I,43968.0,Actual,Historical
2017-03-06,BEVERAGES,35108.0,Actual,Historical
2017-03-06,PRODUCE,30014.141,Actual,Historical
2017-03-07,GROCERY I,37227.0,Actual,Historical
2017-03-07,BEVERAGES,30367.0,Actual,Historical
2017-03-07,PRODUCE,26065.182,Actual,Historical
2017-03-08,GROCERY I,39163.0,Actual,Historical
2017-03-08,BEVERAGES,33240.0,Actual,Historical
2017-03-08,PRODUCE,43102.143000000004,Actual,Historical
2017-03-09,GROCERY I,33804.0,Actual,Historical
2017-03-09,BEVERAGES,31863.0,Actual,Historical
2017-03-09,PRODUCE,24560.345,Actual,Historical
2017-03-10,GROCERY I,41399.0,Actual,Historical
2017-03-10,BEVERAGES,43235.0,Actual,Historical
2017-03-10,PRODUCE,31018.677,Actual,Historical
2017-03-11,GROCERY I,56365.0,Actual,Historical
2017-03-11,BEVERAGES,61416.0,Actual,Historical
2017-03-11,PRODUCE,37985.808,Actual,Historical
2017-03-12,GROCERY I,66198.0,Actual,Historical
2017-03-12,BEVERAGES,73720.0,Actual,Historical
2017-03-12,PRODUCE,46350.532,Actual,Historical
2017-03-13,GROCERY I,39482.0,Actual,Historical
2017-03-13,BEVERAGES,38750.0,Actual,Historical
2017-03-13,PRODUCE,29116.63,Actual,Historical
2017-03-14,GROCERY I,33191.0,Actual,Historical
2017-03-14,BEVERAGES,32312.0,Actual,Historical
2017-03-14,PRODUCE,24967.096,Actual,Historical
2017-03-15,GROCERY I,42461.0,Actual,Historical
2017-03-15,BEVERAGES,36789.0,Actual,Historical
2017-03-15,PRODUCE,45049.771,Actual,Historical
2017-03-16,GROCERY I,34608.0,Actual,Historical
2017-03-16,BEVERAGES,34140.0,Actual,Historical
2017-03-16,PRODUCE,24264.939,Actual,Historical
2017-03-17,GROCERY I,46266.0,Actual,Historical
2017-03-17,BEVERAGES,47781.0,Actual,Historical
2017-03-17,PRODUCE,31928.31,Actual,Historical
2017-03-18,GROCERY I,59513.0,Actual,Historical
2017-03-18,BEVERAGES,65872.0,Actual,Historical
2017-03-18,PRODUCE,38822.18,Actual,Historical
2017-03-19,GROCERY I,67899.0,Actual,Historical
2017-03-19,BEVERAGES,79096.0,Actual,Historical
2017-03-19,PRODUCE,46818.567,Actual,Historical
2017-03-20,GROCERY I,43033.0,Actual,Historical
2017-03-20,BEVERAGES,42228.0,Actual,Historical
2017-03-20,PRODUCE,31367.347,Actual,Historical
2017-03-21,GROCERY I,36256.0,Actual,Historical
2017-03-21,BEVERAGES,34027.0,Actual,Historical
2017-03-21,PRODUCE,24887.097,Actual,Historical
2017-03-22,GROCERY I,40434.0,Actual,Historical
2017-03-22,BEVERAGES,38176.0,Actual,Historical
2017-03-22,PRODUCE,43881.606,Actual,Historical
2017-03-23,GROCERY I,32713.0,Actual,Historical
2017-03-23,BEVERAGES,31100.0,Actual,Historical
2017-03-23,PRODUCE,22292.677,Actual,Historical
2017-03-24,GROCERY I,42803.0,Actual,Historical
2017-03-24,BEVERAGES,41879.0,Actual,Historical
2017-03-24,PRODUCE,30528.798,Actual,Historical
2017-03-25,GROCERY I,56899.0,Actual,Historical
2017-03-25,BEVERAGES,63890.0,Actual,Historical
2017-03-25,PRODUCE,38043.988,Actual,Historical
2017-03-26,GROCERY I,63934.0,Actual,Historical
2017-03-26,BEVERAGES,71093.0,Actual,Historical
2017-03-26,PRODUCE,43076.024,Actual,Historical
2017-03-27,GROCERY I,39930.0,Actual,Historical
2017-03-27,BEVERAGES,39308.0,Actual,Historical
2017-03-27,PRODUCE,29258.650999999998,Actual,Historical
2017-03-28,GROCERY I,28928.0,Actual,Historical
2017-03-28,BEVERAGES,28308.0,Actual,Historical
2017-03-28,PRODUCE,21448.719,Actual,Historical
2017-03-29,GROCERY I,39563.0,Actual,Historical
2017-03-29,BEVERAGES,39079.0,Actual,Historical
2017-03-29,PRODUCE,43622.656,Actual,Historical
2017-03-30,GROCERY I,33301.0,Actual,Historical
2017-03-30,BEVERAGES,27483.0,Actual,Historical
2017-03-30,PRODUCE,23027.929,Actual,Historical
2017-03-31,GROCERY I,52646.0,Actual,Historical
2017-03-31,BEVERAGES,42043.0,Actual,Historical
2017-03-31,PRODUCE,35178.121,Actual,Historical
2017-04-01,GROCERY I,91238.0,Actual,Historical
2017-04-01,BEVERAGES,74762.0,Actual,Historical
2017-04-01,PRODUCE,51399.052,Actual,Historical
2017-04-02,GROCERY I,59497.0,Actual,Historical
2017-04-02,BEVERAGES,51720.0,Actual,Historical
2017-04-02,PRODUCE,34901.596,Actual,Historical
2017-04-03,GROCERY I,33390.0,Actual,Historical
2017-04-03,BEVERAGES,26499.0,Actual,Historical
2017-04-03,PRODUCE,21450.145,Actual,Historical
2017-04-04,GROCERY I,42353.0,Actual,Historical
2017-04-04,BEVERAGES,33352.0,Actual,Historical
2017-04-04,PRODUCE,25809.567,Actual,Historical
2017-04-05,GROCERY I,43053.0,Actual,Historical
2017-04-05,BEVERAGES,36617.0,Actual,Historical
2017-04-05,PRODUCE,42641.767,Actual,Historical
2017-04-06,GROCERY I,34224.0,Actual,Historical
2017-04-06,BEVERAGES,29714.0,Actual,Historical
2017-04-06,PRODUCE,23114.082,Actual,Historical
2017-04-07,GROCERY I,41166.0,Actual,Historical
2017-04-07,BEVERAGES,38600.0,Actual,Historical
2017-04-07,PRODUCE,28860.34,Actual,Historical
2017-04-08,GROCERY I,58405.0,Actual,Historical
2017-04-08,BEVERAGES,53087.0,Actual,Historical
2017-04-08,PRODUCE,36928.162,Actual,Historical
2017-04-09,GROCERY I,66320.0,Actual,Historical
2017-04-09,BEVERAGES,62205.0,Actual,Historical
2017-04-09,PRODUCE,42144.961,Actual,Historical
2017-04-10,GROCERY I,38960.0,Actual,Historical
2017-04-10,BEVERAGES,34371.0,Actual,Historical
2017-04-10,PRODUCE,27037.184,Actual,Historical
2017-04-11,GROCERY I,34604.0,Actual,Historical
2017-04-11,BEVERAGES,28971.0,Actual,Historical
2017-04-11,PRODUCE,24640.258,Actual,Historical
2017-04-12,GROCERY I,39626.0,Actual,Historical
2017-04-12,BEVERAGES,34596.0,Actual,Historical
2017-04-12,PRODUCE,40882.177,Actual,Historical
2017-04-13,GROCERY I,39972.0,Actual,Historical
2017-04-13,BEVERAGES,40390.0,Actual,Historical
2017-04-13,PRODUCE,28709.714,Actual,Historical
2017-04-14,GROCERY I,44228.0,Actual,Historical
2017-04-14,BEVERAGES,43899.0,Actual,Historical
2017-04-14,PRODUCE,29210.013,Actual,Historical
2017-04-15,GROCERY I,50324.0,Actual,Historical
2017-04-15,BEVERAGES,50906.0,Actual,Historical
2017-04-15,PRODUCE,33155.724,Actual,Historical
2017-04-16,GROCERY I,62656.0,Actual,Historical
2017-04-16,BEVERAGES,57487.0,Actual,Historical
2017-04-16,PRODUCE,40099.023,Actual,Historical
2017-04-17,GROCERY I,41458.0,Actual,Historical
2017-04-17,BEVERAGES,34696.0,Actual,Historical
2017-04-17,PRODUCE,31442.381,Actual,Historical
2017-04-18,GROCERY I,34077.0,Actual,Historical
2017-04-18,BEVERAGES,30081.0,Actual,Historical
2017-04-18,PRODUCE,26489.419,Actual,Historical
2017-04-19,GROCERY I,38656.0,Actual,Historical
2017-04-19,BEVERAGES,32538.0,Actual,Historical
2017-04-19,PRODUCE,43072.997,Actual,Historical
2017-04-20,GROCERY I,33133.0,Actual,Historical
2017-04-20,BEVERAGES,27373.0,Actual,Historical
2017-04-20,PRODUCE,23532.253,Actual,Historical
2017-04-21,GROCERY I,41890.0,Actual,Historical
2017-04-21,BEVERAGES,37262.0,Actual,Historical
2017-04-21,PRODUCE,30521.909,Actual,Historical
2017-04-22,GROCERY I,50665.0,Actual,Historical
2017-04-22,BEVERAGES,49801.0,Actual,Historical
2017-04-22,PRODUCE,34610.15,Actual,Historical
2017-04-23,GROCERY I,61367.0,Actual,Historical
2017-04-23,BEVERAGES,67546.0,Actual,Historical
2017-04-23,PRODUCE,41261.215,Actual,Historical
2017-04-24,GROCERY I,37010.0,Actual,Historical
2017-04-24,BEVERAGES,33344.0,Actual,Historical
2017-04-24,PRODUCE,25950.741,Actual,Historical
2017-04-25,GROCERY I,31738.0,Actual,Historical
2017-04-25,BEVERAGES,29934.0,Actual,Historical
2017-04-25,PRODUCE,23708.512,Actual,Historical
2017-04-26,GROCERY I,35202.0,Actual,Historical
2017-04-26,BEVERAGES,31480.0,Actual,Historical
2017-04-26,PRODUCE,41380.167,Actual,Historical
2017-04-27,GROCERY I,28585.0,Actual,Historical
2017-04-27,BEVERAGES,26490.0,Actual,Historical
2017-04-27,PRODUCE,21169.586,Actual,Historical
2017-04-28,GROCERY I,41643.0,Actual,Historical
2017-04-28,BEVERAGES,39415.0,Actual,Historical
2017-04-28,PRODUCE,30316.513,Actual,Historical
2017-04-29,GROCERY I,56165.0,Actual,Historical
2017-04-29,BEVERAGES,55923.0,Actual,Historical
2017-04-29,PRODUCE,37955.2,Actual,Historical
2017-04-30,GROCERY I,56940.0,Actual,Historical
2017-04-30,BEVERAGES,56144.0,Actual,Historical
2017-04-30,PRODUCE,38653.323,Actual,Historical
2017-05-01,GROCERY I,75377.0,Actual,Historical
2017-05-01,BEVERAGES,68813.0,Actual,Historical
2017-05-01,PRODUCE,48111.553,Actual,Historical
2017-05-02,GROCERY I,43852.0,Actual,Historical
2017-05-02,BEVERAGES,39259.0,Actual,Historical
2017-05-02,PRODUCE,31129.374,Actual,Historical
2017-05-03,GROCERY I,45301.0,Actual,Historical
2017-05-03,BEVERAGES,38518.0,Actual,Historical
2017-05-03,PRODUCE,45238.57,Actual,Historical
2017-05-04,GROCERY I,34603.0,Actual,Historical
2017-05-04,BEVERAGES,29516.0,Actual,Historical
2017-05-04,PRODUCE,24341.421,Actual,Historical
2017-05-05,GROCERY I,42961.0,Actual,Historical
2017-05-05,BEVERAGES,36355.0,Actual,Historical
2017-05-05,PRODUCE,29206.819,Actual,Historical
2017-05-06,GROCERY I,54097.0,Actual,Historical
2017-05-06,BEVERAGES,53233.0,Actual,Historical
2017-05-06,PRODUCE,36244.794,Actual,Historical
2017-05-07,GROCERY I,64136.0,Actual,Historical
2017-05-07,BEVERAGES,62849.0,Actual,Historical
2017-05-07,PRODUCE,44462.511,Actual,Historical
2017-05-08,GROCERY I,40085.0,Actual,Historical
2017-05-08,BEVERAGES,34273.0,Actual,Historical
2017-05-08,PRODUCE,29427.314,Actual,Historical
2017-05-09,GROCERY I,32796.0,Actual,Historical
2017-05-09,BEVERAGES,27001.0,Actual,Historical
2017-05-09,PRODUCE,23858.194,Actual,Historical
2017-05-10,GROCERY I,36218.0,Actual,Historical
2017-05-10,BEVERAGES,30472.0,Actual,Historical
2017-05-10,PRODUCE,42223.168,Actual,Historical
2017-05-11,GROCERY I,30705.0,Actual,Historical
2017-05-11,BEVERAGES,24855.0,Actual,Historical
2017-05-11,PRODUCE,20892.471,Actual,Historical
2017-05-12,GROCERY I,39562.0,Actual,Historical
2017-05-12,BEVERAGES,34856.0,Actual,Historical
2017-05-12,PRODUCE,31095.221,Actual,Historical
2017-05-13,GROCERY I,59416.0,Actual,Historical
2017-05-13,BEVERAGES,56791.0,Actual,Historical
2017-05-13,PRODUCE,45916.343,Actual,Historical
2017-05-14,GROCERY I,44846.0,Actual,Historical
2017-05-14,BEVERAGES,44812.0,Actual,Historical
2017-05-14,PRODUCE,32807.439,Actual,Historical
2017-05-15,GROCERY I,39797.0,Actual,Historical
2017-05-15,BEVERAGES,34831.0,Actual,Historical
2017-05-15,PRODUCE,29716.339,Actual,Historical
2017-05-16,GROCERY I,39552.0,Actual,Historical
2017-05-16,BEVERAGES,33018.0,Actual,Historical
2017-05-16,PRODUCE,27769.582,Actual,Historical
2017-05-17,GROCERY I,39312.0,Actual,Historical
2017-05-17,BEVERAGES,32979.0,Actual,Historical
2017-05-17,PRODUCE,44241.202,Actual,Historical
2017-05-18,GROCERY I,29492.0,Actual,Historical
2017-05-18,BEVERAGES,25472.0,Actual,Historical
2017-05-18,PRODUCE,22222.711,Actual,Historical
2017-05-19,GROCERY I,40856.0,Actual,Historical
2017-05-19,BEVERAGES,36503.0,Actual,Historical
2017-05-19,PRODUCE,29040.943,Actual,Historical
2017-05-20,GROCERY I,56182.0,Actual,Historical
2017-05-20,BEVERAGES,52543.0,Actual,Historical
2017-05-20,PRODUCE,37420.846,Actual,Historical
2017-05-21,GROCERY I,64758.0,Actual,Historical
2017-05-21,BEVERAGES,61976.0,Actual,Historical
2017-05-21,PRODUCE,46182.302,Actual,Historical
2017-05-22,GROCERY I,38764.0,Actual,Historical
2017-05-22,BEVERAGES,34314.0,Actual,Historical
2017-05-22,PRODUCE,29223.879,Actual,Historical
2017-05-23,GROCERY I,32664.0,Actual,Historical
2017-05-23,BEVERAGES,28335.0,Actual,Historical
2017-05-23,PRODUCE,22929.948,Actual,Historical
2017-05-24,GROCERY I,34785.0,Actual,Historical
2017-05-24,BEVERAGES,31162.0,Actual,Historical
2017-05-24,PRODUCE,40235.576,Actual,Historical
2017-05-25,GROCERY I,29260.0,Actual,Historical
2017-05-25,BEVERAGES,27910.0,Actual,Historical
2017-05-25,PRODUCE,22618.978,Actual,Historical
2017-05-26,GROCERY I,55218.0,Actual,Historical
2017-05-26,BEVERAGES,53723.0,Actual,Historical
2017-05-26,PRODUCE,38885.179,Actual,Historical
2017-05-27,GROCERY I,49483.0,Actual,Historical
2017-05-27,BEVERAGES,47848.0,Actual,Historical
2017-05-27,PRODUCE,33807.764,Actual,Historical
2017-05-28,GROCERY I,56285.0,Actual,Historical
2017-05-28,BEVERAGES,55403.0,Actual,Historical
2017-05-28,PRODUCE,40126.562,Actual,Historical
2017-05-29,GROCERY I,36601.0,Actual,Historical
2017-05-29,BEVERAGES,32983.0,Actual,Historical
2017-05-29,PRODUCE,29570.885,Actual,Historical
2017-05-30,GROCERY I,33632.0,Actual,Historical
2017-05-30,BEVERAGES,29531.0,Actual,Historical
2017-05-30,PRODUCE,24363.866,Actual,Historical
2017-05-31,GROCERY I,39124.0,Actual,Historical
2017-05-31,BEVERAGES,32373.0,Actual,Historical
2017-05-31,PRODUCE,42604.236,Actual,Historical
2017-06-01,GROCERY I,40016.0,Actual,Historical
2017-06-01,BEVERAGES,32983.0,Actual,Historical
2017-06-01,PRODUCE,26190.155,Actual,Historical
2017-06-02,GROCERY I,50577.0,Actual,Historical
2017-06-02,BEVERAGES,46119.0,Actual,Historical
2017-06-02,PRODUCE,32626.958,Actual,Historical
2017-06-03,GROCERY I,63044.0,Actual,Historical
2017-06-03,BEVERAGES,61882.0,Actual,Historical
2017-06-03,PRODUCE,38935.611,Actual,Historical
2017-06-04,GROCERY I,77138.0,Actual,Historical
2017-06-04,BEVERAGES,78085.0,Actual,Historical
2017-06-04,PRODUCE,49375.312,Actual,Historical
2017-06-05,GROCERY I,46257.0,Actual,Historical
2017-06-05,BEVERAGES,41142.0,Actual,Historical
2017-06-05,PRODUCE,31168.833,Actual,Historical
2017-06-06,GROCERY I,39166.0,Actual,Historical
2017-06-06,BEVERAGES,33441.0,Actual,Historical
2017-06-06,PRODUCE,25034.764,Actual,Historical
2017-06-07,GROCERY I,40691.0,Actual,Historical
2017-06-07,BEVERAGES,37722.0,Actual,Historical
2017-06-07,PRODUCE,44599.548,Actual,Historical
2017-06-08,GROCERY I,32653.0,Actual,Historical
2017-06-08,BEVERAGES,28227.0,Actual,Historical
2017-06-08,PRODUCE,22025.732,Actual,Historical
2017-06-09,GROCERY I,42248.0,Actual,Historical
2017-06-09,BEVERAGES,40329.0,Actual,Historical
2017-06-09,PRODUCE,29760.48,Actual,Historical
2017-06-10,GROCERY I,53984.0,Actual,Historical
2017-06-10,BEVERAGES,54525.0,Actual,Historical
2017-06-10,PRODUCE,35311.285,Actual,Historical
2017-06-11,GROCERY I,64667.0,Actual,Historical
2017-06-11,BEVERAGES,67859.0,Actual,Historical
2017-06-11,PRODUCE,46341.284,Actual,Historical
2017-06-12,GROCERY I,38331.0,Actual,Historical
2017-06-12,BEVERAGES,34074.0,Actual,Historical
2017-06-12,PRODUCE,28999.818,Actual,Historical
2017-06-13,GROCERY I,35082.0,Actual,Historical
2017-06-13,BEVERAGES,31520.0,Actual,Historical
2017-06-13,PRODUCE,24295.946,Actual,Historical
2017-06-14,GROCERY I,36954.0,Actual,Historical
2017-06-14,BEVERAGES,31224.0,Actual,Historical
2017-06-14,PRODUCE,42962.826,Actual,Historical
2017-06-15,GROCERY I,32586.0,Actual,Historical
2017-06-15,BEVERAGES,28362.0,Actual,Historical
2017-06-15,PRODUCE,23736.234,Actual,Historical
2017-06-16,GROCERY I,46617.0,Actual,Historical
2017-06-16,BEVERAGES,41797.0,Actual,Historical
2017-06-16,PRODUCE,34586.899,Actual,Historical
2017-06-17,GROCERY I,59488.0,Actual,Historical
2017-06-17,BEVERAGES,59928.0,Actual,Historical
2017-06-17,PRODUCE,45914.575,Actual,Historical
2017-06-18,GROCERY I,47939.0,Actual,Historical
2017-06-18,BEVERAGES,50160.0,Actual,Historical
2017-06-18,PRODUCE,34895.633,Actual,Historical
2017-06-19,GROCERY I,39905.0,Actual,Historical
2017-06-19,BEVERAGES,34900.0,Actual,Historical
2017-06-19,PRODUCE,30217.681,Actual,Historical
2017-06-20,GROCERY I,39167.0,Actual,Historical
2017-06-20,BEVERAGES,39992.0,Actual,Historical
2017-06-20,PRODUCE,27861.776,Actual,Historical
2017-06-21,GROCERY I,37864.0,Actual,Historical
2017-06-21,BEVERAGES,30552.0,Actual,Historical
2017-06-21,PRODUCE,41029.134,Actual,Historical
2017-06-22,GROCERY I,29728.0,Actual,Historical
2017-06-22,BEVERAGES,24325.0,Actual,Historical
2017-06-22,PRODUCE,21934.484,Actual,Historical
2017-06-23,GROCERY I,40128.0,Actual,Historical
2017-06-23,BEVERAGES,34971.0,Actual,Historical
2017-06-23,PRODUCE,29535.756,Actual,Historical
2017-06-24,GROCERY I,50279.0,Actual,Historical
2017-06-24,BEVERAGES,46120.0,Actual,Historical
2017-06-24,PRODUCE,35683.108,Actual,Historical
2017-06-25,GROCERY I,57742.0,Actual,Historical
2017-06-25,BEVERAGES,54746.0,Actual,Historical
2017-06-25,PRODUCE,42911.172,Actual,Historical
2017-06-26,GROCERY I,36147.0,Actual,Historical
2017-06-26,BEVERAGES,30673.0,Actual,Historical
2017-06-26,PRODUCE,28349.097999999998,Actual,Historical
2017-06-27,GROCERY I,31852.0,Actual,Historical
2017-06-27,BEVERAGES,25900.0,Actual,Historical
2017-06-27,PRODUCE,23920.583,Actual,Historical
2017-06-28,GROCERY I,36148.0,Actual,Historical
2017-06-28,BEVERAGES,29022.0,Actual,Historical
2017-06-28,PRODUCE,41122.688,Actual,Historical
2017-06-29,GROCERY I,30613.0,Actual,Historical
2017-06-29,BEVERAGES,24884.0,Actual,Historical
2017-06-29,PRODUCE,22985.335,Actual,Historical
2017-06-30,GROCERY I,41767.0,Actual,Historical
2017-06-30,BEVERAGES,37973.0,Actual,Historical
2017-06-30,PRODUCE,31230.95,Actual,Historical
2017-07-01,GROCERY I,67876.0,Actual,Historical
2017-07-01,BEVERAGES,59242.0,Actual,Historical
2017-07-01,PRODUCE,41692.277,Actual,Historical
2017-07-02,GROCERY I,74731.0,Actual,Historical
2017-07-02,BEVERAGES,66480.0,Actual,Historical
2017-07-02,PRODUCE,48099.297,Actual,Historical
2017-07-03,GROCERY I,49319.0,Actual,Historical
2017-07-03,BEVERAGES,41512.0,Actual,Historical
2017-07-03,PRODUCE,33432.38,Actual,Historical
2017-07-04,GROCERY I,42027.0,Actual,Historical
2017-07-04,BEVERAGES,32705.0,Actual,Historical
2017-07-04,PRODUCE,25970.689,Actual,Historical
2017-07-05,GROCERY I,45061.0,Actual,Historical
2017-07-05,BEVERAGES,34963.0,Actual,Historical
2017-07-05,PRODUCE,44450.698,Actual,Historical
2017-07-06,GROCERY I,32837.0,Actual,Historical
2017-07-06,BEVERAGES,29344.0,Actual,Historical
2017-07-06,PRODUCE,23107.592,Actual,Historical
2017-07-07,GROCERY I,40519.0,Actual,Historical
2017-07-07,BEVERAGES,35929.0,Actual,Historical
2017-07-07,PRODUCE,29961.209,Actual,Historical
2017-07-08,GROCERY I,51323.0,Actual,Historical
2017-07-08,BEVERAGES,52464.0,Actual,Historical
2017-07-08,PRODUCE,35564.805,Actual,Historical
2017-07-09,GROCERY I,57994.0,Actual,Historical
2017-07-09,BEVERAGES,56749.0,Actual,Historical
2017-07-09,PRODUCE,42634.208,Actual,Historical
2017-07-10,GROCERY I,38926.0,Actual,Historical
2017-07-10,BEVERAGES,33921.0,Actual,Historical
2017-07-10,PRODUCE,29825.973,Actual,Historical
2017-07-11,GROCERY I,32351.0,Actual,Historical
2017-07-11,BEVERAGES,28668.0,Actual,Historical
2017-07-11,PRODUCE,22935.123,Actual,Historical
2017-07-12,GROCERY I,35045.0,Actual,Historical
2017-07-12,BEVERAGES,30490.0,Actual,Historical
2017-07-12,PRODUCE,39489.088,Actual,Historical
2017-07-13,GROCERY I,29183.0,Actual,Historical
2017-07-13,BEVERAGES,31644.0,Actual,Historical
2017-07-13,PRODUCE,22080.684,Actual,Historical
2017-07-14,GROCERY I,38935.0,Actual,Historical
2017-07-14,BEVERAGES,35653.0,Actual,Historical
2017-07-14,PRODUCE,27911.938,Actual,Historical
2017-07-15,GROCERY I,49298.0,Actual,Historical
2017-07-15,BEVERAGES,54277.0,Actual,Historical
2017-07-15,PRODUCE,34463.274,Actual,Historical
2017-07-16,GROCERY I,56930.0,Actual,Historical
2017-07-16,BEVERAGES,61141.0,Actual,Historical
2017-07-16,PRODUCE,42954.564,Actual,Historical
2017-07-17,GROCERY I,43206.0,Actual,Historical
2017-07-17,BEVERAGES,37281.0,Actual,Historical
2017-07-17,PRODUCE,29659.742,Actual,Historical
2017-07-18,GROCERY I,36156.0,Actual,Historical
2017-07-18,BEVERAGES,30460.0,Actual,Historical
2017-07-18,PRODUCE,23428.642,Actual,Historical
2017-07-19,GROCERY I,38090.0,Actual,Historical
2017-07-19,BEVERAGES,34348.0,Actual,Historical
2017-07-19,PRODUCE,39860.563,Actual,Historical
2017-07-20,GROCERY I,34676.0,Actual,Historical
2017-07-20,BEVERAGES,30819.0,Actual,Historical
2017-07-20,PRODUCE,24040.066,Actual,Historical
2017-07-21,GROCERY I,41099.0,Actual,Historical
2017-07-21,BEVERAGES,37070.0,Actual,Historical
2017-07-21,PRODUCE,28922.163,Actual,Historical
2017-07-22,GROCERY I,47273.0,Actual,Historical
2017-07-22,BEVERAGES,51613.0,Actual,Historical
2017-07-22,PRODUCE,34429.585,Actual,Historical
2017-07-23,GROCERY I,56360.0,Actual,Historical
2017-07-23,BEVERAGES,56995.0,Actual,Historical
2017-07-23,PRODUCE,41383.866,Actual,Historical
2017-07-24,GROCERY I,39435.0,Actual,Historical
2017-07-24,BEVERAGES,35471.0,Actual,Historical
2017-07-24,PRODUCE,28741.537,Actual,Historical
2017-07-25,GROCERY I,33293.0,Actual,Historical
2017-07-25,BEVERAGES,27532.0,Actual,Historical
2017-07-25,PRODUCE,21782.905,Actual,Historical
2017-07-26,GROCERY I,35961.0,Actual,Historical
2017-07-26,BEVERAGES,30083.0,Actual,Historical
2017-07-26,PRODUCE,38641.963,Actual,Historical
2017-07-27,GROCERY I,30103.0,Actual,Historical
2017-07-27,BEVERAGES,26980.0,Actual,Historical
2017-07-27,PRODUCE,22164.828,Actual,Historical
2017-07-28,GROCERY I,39939.0,Actual,Historical
2017-07-28,BEVERAGES,39216.0,Actual,Historical
2017-07-28,PRODUCE,27146.851,Actual,Historical
2017-07-29,GROCERY I,51321.0,Actual,Historical
2017-07-29,BEVERAGES,51930.0,Actual,Historical
2017-07-29,PRODUCE,34785.055,Actual,Historical
2017-07-30,GROCERY I,57219.0,Actual,Historical
2017-07-30,BEVERAGES,60795.0,Actual,Historical
2017-07-30,PRODUCE,39621.204,Actual,Historical
2017-07-31,GROCERY I,44157.0,Actual,Historical
2017-07-31,BEVERAGES,38666.0,Actual,Historical
2017-07-31,PRODUCE,31314.703,Actual,Historical
2017-08-01,GROCERY I,47284.0,Actual,Historical
2017-08-01,BEVERAGES,37422.0,Actual,Historical
2017-08-01,PRODUCE,29236.089,Actual,Historical
2017-08-02,GROCERY I,47180.0,Actual,Historical
2017-08-02,BEVERAGES,38154.0,Actual,Historical
2017-08-02,PRODUCE,44919.422,Actual,Historical
2017-08-03,GROCERY I,35763.0,Actual,Historical
2017-08-03,BEVERAGES,27798.0,Actual,Historical
2017-08-03,PRODUCE,23088.555,Actual,Historical
2017-08-04,GROCERY I,41060.0,Actual,Historical
2017-08-04,BEVERAGES,34651.0,Actual,Historical
2017-08-04,PRODUCE,29001.755,Actual,Historical
2017-08-05,GROCERY I,50157.0,Actual,Historical
2017-08-05,BEVERAGES,48793.0,Actual,Historical
2017-08-05,PRODUCE,33038.594,Actual,Historical
2017-08-06,GROCERY I,53386.0,Actual,Historical
2017-08-06,BEVERAGES,48987.0,Actual,Historical
2017-08-06,PRODUCE,39845.67,Actual,Historical
2017-08-07,GROCERY I,37804.0,Actual,Historical
2017-08-07,BEVERAGES,33652.0,Actual,Historical
2017-08-07,PRODUCE,27854.352,Actual,Historical
2017-08-08,GROCERY I,32614.0,Actual,Historical
2017-08-08,BEVERAGES,27039.0,Actual,Historical
2017-08-08,PRODUCE,23051.49,Actual,Historical
2017-08-09,GROCERY I,34925.0,Actual,Historical
2017-08-09,BEVERAGES,28388.0,Actual,Historical
2017-08-09,PRODUCE,38096.07,Actual,Historical
2017-08-10,GROCERY I,31135.0,Actual,Historical
2017-08-10,BEVERAGES,28773.0,Actual,Historical
2017-08-10,PRODUCE,22313.768,Actual,Historical
2017-08-11,GROCERY I,43477.0,Actual,Historical
2017-08-11,BEVERAGES,40306.0,Actual,Historical
2017-08-11,PRODUCE,33260.329,Actual,Historical
2017-08-12,GROCERY I,38657.0,Actual,Historical
2017-08-12,BEVERAGES,37134.0,Actual,Historical
2017-08-12,PRODUCE,30637.731,Actual,Historical
2017-08-13,GROCERY I,42262.0,Actual,Historical
2017-08-13,BEVERAGES,40858.0,Actual,Historical
2017-08-13,PRODUCE,34235.649,Actual,Historical
2017-08-14,GROCERY I,36059.0,Actual,Historical
2017-08-14,BEVERAGES,30363.0,Actual,Historical
2017-08-14,PRODUCE,29867.419,Actual,Historical
2017-08-15,GROCERY I,35251.0,Actual,Historical
2017-08-15,BEVERAGES,28661.0,Actual,Historical
2017-08-15,PRODUCE,24944.602,Actual,Historical
2017-08-16,GROCERY I,34925.0,Forecast,7-Day Seasonal Naive
2017-08-17,GROCERY I,31135.0,Forecast,7-Day Seasonal Naive
2017-08-18,GROCERY I,43477.0,Forecast,7-Day Seasonal Naive
2017-08-19,GROCERY I,38657.0,Forecast,7-Day Seasonal Naive
2017-08-20,GROCERY I,42262.0,Forecast,7-Day Seasonal Naive
2017-08-21,GROCERY I,36059.0,Forecast,7-Day Seasonal Naive
2017-08-22,GROCERY I,35251.0,Forecast,7-Day Seasonal Naive
2017-08-23,GROCERY I,34925.0,Forecast,7-Day Seasonal Naive
2017-08-24,GROCERY I,31135.0,Forecast,7-Day Seasonal Naive
2017-08-25,GROCERY I,43477.0,Forecast,7-Day Seasonal Naive
2017-08-26,GROCERY I,38657.0,Forecast,7-Day Seasonal Naive
2017-08-27,GROCERY I,42262.0,Forecast,7-Day Seasonal Naive
2017-08-28,GROCERY I,36059.0,Forecast,7-Day Seasonal Naive
2017-08-29,GROCERY I,35251.0,Forecast,7-Day Seasonal Naive
2017-08-30,GROCERY I,34925.0,Forecast,7-Day Seasonal Naive
2017-08-31,GROCERY I,31135.0,Forecast,7-Day Seasonal Naive
2017-09-01,GROCERY I,43477.0,Forecast,7-Day Seasonal Naive
2017-09-02,GROCERY I,38657.0,Forecast,7-Day Seasonal Naive
2017-09-03,GROCERY I,42262.0,Forecast,7-Day Seasonal Naive
2017-09-04,GROCERY I,36059.0,Forecast,7-Day Seasonal Naive
2017-09-05,GROCERY I,35251.0,Forecast,7-Day Seasonal Naive
2017-09-06,GROCERY I,34925.0,Forecast,7-Day Seasonal Naive
2017-09-07,GROCERY I,31135.0,Forecast,7-Day Seasonal Naive
2017-09-08,GROCERY I,43477.0,Forecast,7-Day Seasonal Naive
2017-09-09,GROCERY I,38657.0,Forecast,7-Day Seasonal Naive
2017-09-10,GROCERY I,42262.0,Forecast,7-Day Seasonal Naive
2017-09-11,GROCERY I,36059.0,Forecast,7-Day Seasonal Naive
2017-09-12,GROCERY I,35251.0,Forecast,7-Day Seasonal Naive
2017-09-13,GROCERY I,34925.0,Forecast,7-Day Seasonal Naive
2017-09-14,GROCERY I,31135.0,Forecast,7-Day Seasonal Naive
2017-08-16,BEVERAGES,28388.0,Forecast,7-Day Seasonal Naive
2017-08-17,BEVERAGES,28773.0,Forecast,7-Day Seasonal Naive
2017-08-18,BEVERAGES,40306.0,Forecast,7-Day Seasonal Naive
2017-08-19,BEVERAGES,37134.0,Forecast,7-Day Seasonal Naive
2017-08-20,BEVERAGES,40858.0,Forecast,7-Day Seasonal Naive
2017-08-21,BEVERAGES,30363.0,Forecast,7-Day Seasonal Naive
2017-08-22,BEVERAGES,28661.0,Forecast,7-Day Seasonal Naive
2017-08-23,BEVERAGES,28388.0,Forecast,7-Day Seasonal Naive
2017-08-24,BEVERAGES,28773.0,Forecast,7-Day Seasonal Naive
2017-08-25,BEVERAGES,40306.0,Forecast,7-Day Seasonal Naive
2017-08-26,BEVERAGES,37134.0,Forecast,7-Day Seasonal Naive
2017-08-27,BEVERAGES,40858.0,Forecast,7-Day Seasonal Naive
2017-08-28,BEVERAGES,30363.0,Forecast,7-Day Seasonal Naive
2017-08-29,BEVERAGES,28661.0,Forecast,7-Day Seasonal Naive
2017-08-30,BEVERAGES,28388.0,Forecast,7-Day Seasonal Naive
2017-08-31,BEVERAGES,28773.0,Forecast,7-Day Seasonal Naive
2017-09-01,BEVERAGES,40306.0,Forecast,7-Day Seasonal Naive
2017-09-02,BEVERAGES,37134.0,Forecast,7-Day Seasonal Naive
2017-09-03,BEVERAGES,40858.0,Forecast,7-Day Seasonal Naive
2017-09-04,BEVERAGES,30363.0,Forecast,7-Day Seasonal Naive
2017-09-05,BEVERAGES,28661.0,Forecast,7-Day Seasonal Naive
2017-09-06,BEVERAGES,28388.0,Forecast,7-Day Seasonal Naive
2017-09-07,BEVERAGES,28773.0,Forecast,7-Day Seasonal Naive
2017-09-08,BEVERAGES,40306.0,Forecast,7-Day Seasonal Naive
2017-09-09,BEVERAGES,37134.0,Forecast,7-Day Seasonal Naive
2017-09-10,BEVERAGES,40858.0,Forecast,7-Day Seasonal Naive
2017-09-11,BEVERAGES,30363.0,Forecast,7-Day Seasonal Naive
2017-09-12,BEVERAGES,28661.0,Forecast,7-Day Seasonal Naive
2017-09-13,BEVERAGES,28388.0,Forecast,7-Day Seasonal Naive
2017-09-14,BEVERAGES,28773.0,Forecast,7-Day Seasonal Naive
2017-08-16,PRODUCE,38096.07,Forecast,7-Day Seasonal Naive
2017-08-17,PRODUCE,22313.768,Forecast,7-Day Seasonal Naive
2017-08-18,PRODUCE,33260.329,Forecast,7-Day Seasonal Naive
2017-08-19,PRODUCE,30637.731,Forecast,7-Day Seasonal Naive
2017-08-20,PRODUCE,34235.649,Forecast,7-Day Seasonal Naive
2017-08-21,PRODUCE,29867.419,Forecast,7-Day Seasonal Naive
2017-08-22,PRODUCE,24944.602,Forecast,7-Day Seasonal Naive
2017-08-23,PRODUCE,38096.07,Forecast,7-Day Seasonal Naive
2017-08-24,PRODUCE,22313.768,Forecast,7-Day Seasonal Naive
2017-08-25,PRODUCE,33260.329,Forecast,7-Day Seasonal Naive
2017-08-26,PRODUCE,30637.731,Forecast,7-Day Seasonal Naive
2017-08-27,PRODUCE,34235.649,Forecast,7-Day Seasonal Naive
2017-08-28,PRODUCE,29867.419,Forecast,7-Day Seasonal Naive
2017-08-29,PRODUCE,24944.602,Forecast,7-Day Seasonal Naive
2017-08-30,PRODUCE,38096.07,Forecast,7-Day Seasonal Naive
2017-08-31,PRODUCE,22313.768,Forecast,7-Day Seasonal Naive
2017-09-01,PRODUCE,33260.329,Forecast,7-Day Seasonal Naive
2017-09-02,PRODUCE,30637.731,Forecast,7-Day Seasonal Naive
2017-09-03,PRODUCE,34235.649,Forecast,7-Day Seasonal Naive
2017-09-04,PRODUCE,29867.419,Forecast,7-Day Seasonal Naive
2017-09-05,PRODUCE,24944.602,Forecast,7-Day Seasonal Naive
2017-09-06,PRODUCE,38096.07,Forecast,7-Day Seasonal Naive
2017-09-07,PRODUCE,22313.768,Forecast,7-Day Seasonal Naive
2017-09-08,PRODUCE,33260.329,Forecast,7-Day Seasonal Naive
2017-09-09,PRODUCE,30637.731,Forecast,7-Day Seasonal Naive
2017-09-10,PRODUCE,34235.649,Forecast,7-Day Seasonal Naive
2017-09-11,PRODUCE,29867.419,Forecast,7-Day Seasonal Naive
2017-09-12,PRODUCE,24944.602,Forecast,7-Day Seasonal Naive
2017-09-13,PRODUCE,38096.07,Forecast,7-Day Seasonal Naive
2017-09-14,PRODUCE,22313.768,Forecast,7-Day Seasonal Naive
